,Time,Event,X-coord,Y-coord,down-contact-minor,down-contact-major,up-contact-minor,up-contact-major,average-move-contact-minor,average-move-contact-major,move-time
0,4.0, Touch,1286.9604,310.0122,,,24.27063,24.27063,,,
1,11.0, Fight,10.0,,,,,,,,
2,1805.0, Touch,1661.8835,901.9885,24.320984,24.320984,24.320984,24.320984,,,6.0
3,3609.0, Fight,20.0,,,,,,,,
4,3704.0, Fight,30.0,,,,,,,,
5,4633.0, Touch,1496.9147,433.01514000000003,24.371338,24.371338,24.371338,24.371338,,,7.0
6,5463.0, Fight,40.0,,,,,,,,
7,5653.0, Drop,1.0,,,,,,,,
8,6149.0, Touch,1524.895,731.9861,24.421692,24.421692,24.421692,24.421692,,,5.0
9,7210.0, Fight,50.0,,,,,,,,
10,7963.0, Touch,1305.9302,421.01807,24.472046,24.472046,24.472046,24.472046,,,10.0
11,8460.0, Drop,2.0,,,,,,,,
12,9753.0, Touch,1612.901,787.9834,24.5224,24.5224,24.5224,24.5224,,,6.0
13,10242.0, Drop,3.0,,,,,,,,
14,10760.0, Drop,4.0,,,,,,,,
15,11158.0, Drop,5.0,,,,,,,,
16,12103.0, Touch,1176.9360000000001,84.01245,24.572754,24.572754,24.572754,24.572754,,,5.0
17,13214.0, Fight,60.0,,,,,,,,
18,13437.0, Touch,633.9276,534.99023,24.623108,24.623108,24.623108,24.623108,,,10.0
19,14353.0, Drop,6.0,,,,,,,,
20,14470.0, Touch,752.96265,137.99927,24.673462,24.673462,24.673462,24.673462,,,7.0
21,15285.0, Drop,7.0,,,,,,,,
22,15553.0, Fight,70.0,,,,,,,,
23,16392.0, Touch,554.93225,595.00854,24.723816,24.723816,24.723816,24.723816,,,4.0
24,17306.0, Drop,8.0,,,,,,,,
25,17527.0, Drop,9.0,,,,,,,,
26,18542.0, Touch,202.97607,903.9989999999999,24.77417,24.77417,24.77417,24.77417,,,7.0
27,20780.0, Drop,10.0,,,,,,,,
28,21639.0, Touch,307.98706,1020.97046,24.824524,24.824524,24.824524,24.824524,,,6.0
29,24140.0, Drop,11.0,,,,,,,,
30,24633.0, Touch,1891.8915,839.9927,24.874878,24.874878,24.874878,24.874878,,,6.0
31,27814.0, Touch,841.9171,355.99,24.925232,24.925232,24.925232,24.925232,,,5.0
32,28358.0, Fight,80.0,,,,,,,,
33,29176.0, Touch,1394.9524,680.00977,24.975586,24.975586,24.975586,24.975586,,,5.0
34,29695.0, Fight,90.0,,,,,,,,
35,31201.0, Touch,1873.9379999999999,667.97974,25.02594,25.02594,25.02594,25.02594,,,8.0
36,31558.0, Drop,12.0,,,,,,,,
37,32327.0, Fight,100.0,,,,,,,,
38,32511.0, Fight,110.0,,,,,,,,
39,33042.0, Fight,120.0,,,,,,,,
40,33128.0, Fight,130.0,,,,,,,,
41,33374.0, Fight,140.0,,,,,,,,
42,34402.0, Touch,1167.9254,504.0088,25.076294,25.076294,25.076294,25.076294,,,9.0
43,34453.0, Fight,150.0,,,,,,,,
44,36538.0, Touch,1714.931,799.98047,25.126648,25.126648,25.126648,25.126648,,,6.0
45,38208.0, Drop,13.0,,,,,,,,
46,39394.0, Touch,462.92908,584.0002400000001,25.177001999999998,25.177001999999998,25.177001999999998,25.177001999999998,,,6.0
47,40469.0, Drop,14.0,,,,,,,,
48,40977.0, Drop,15.0,,,,,,,,
49,42003.0, Touch,1064.9469,763.0005,25.227356,25.227356,25.227356,25.227356,,,8.0
50,42311.0, Drop,16.0,,,,,,,,
51,43316.0, Touch,1303.8977,378.0066,25.27771,25.27771,25.27771,25.27771,,,8.0
52,43942.0, Drop,17.0,,,,,,,,
53,45266.0, Touch,1548.9459,393.9917,25.328064,25.328064,25.328064,25.328064,,,5.0
54,46581.0, Fight,160.0,,,,,,,,
55,46661.0, Fight,170.0,,,,,,,,
56,48225.0, Touch,665.9729,126.0022,25.378418,25.378418,25.378418,25.378418,,,4.0
57,48650.0, Fight,180.0,,,,,,,,
58,49439.0, Drop,18.0,,,,,,,,
59,49608.0, Drop,19.0,,,,,,,,
60,50539.0, Touch,821.93115,281.99707,25.428772,25.428772,25.428772,25.428772,,,6.0
61,51179.0, Drop,20.0,,,,,,,,
62,52676.0, Touch,324.92432,552.98584,25.479126,25.479126,25.479126,25.479126,,,5.0
63,53500.0, Drop,21.0,,,,,,,,
64,54222.0, Drop,22.0,,,,,,,,
65,54474.0, Fight,190.0,,,,,,,,
66,55618.0, Touch,1289.9414,243.00659,25.52948,25.52948,25.52948,25.52948,,,7.0
67,56133.0, Fight,200.0,,,,,,,,
68,56213.0, Drop,23.0,,,,,,,,
69,58069.0, Touch,1675.9076,461.98607999999996,25.579833999999998,25.579833999999998,25.579833999999998,25.579833999999998,,,5.0
70,59725.0, Drop,24.0,,,,,,,,
71,60308.0, Touch,1281.947,730.9973,25.630188,25.630188,25.630188,25.630188,,,5.0
72,60753.0, Fight,210.0,,,,,,,,
73,61804.0, Touch,1218.9404,26.004639,25.680542000000003,25.680542000000003,25.680542000000003,25.680542000000003,,,8.0
74,64069.0, Touch,1027.9559,415.01953,25.730895999999998,25.730895999999998,25.730895999999998,25.730895999999998,,,5.0
75,64077.0, Fight,220.0,,,,,,,,
76,65104.0, Touch,290.98206,572.0032,25.78125,25.78125,25.78125,25.78125,,,7.0
77,67196.0, Touch,355.95337,786.00586,25.831604000000002,25.831604000000002,25.831604000000002,25.831604000000002,,,5.0
78,69288.0, Touch,312.93273999999997,277.02026,25.881957999999997,25.881957999999997,25.881957999999997,25.881957999999997,,,14.0
79,70044.0, Fight,230.0,,,,,,,,
80,70978.0, Drop,25.0,,,,,,,,
81,70979.0, Fight,240.0,,,,,,,,
82,72039.0, Touch,221.9458,761.97876,25.932312,25.932312,25.932312,25.932312,,,8.0
83,72896.0, Fight,250.0,,,,,,,,
84,72968.0, Fight,260.0,,,,,,,,
85,73891.0, Fight,270.0,,,,,,,,
86,75072.0, Touch,1127.9535,995.98755,25.982666000000002,25.982666000000002,25.982666000000002,25.982666000000002,,,8.0
87,75943.0, Drop,26.0,,,,,,,,
88,77045.0, Touch,1260.9448,994.9988,26.03302,26.03302,26.03302,26.03302,,,5.0
89,77508.0, Fight,280.0,,,,,,,,
90,77887.0, Fight,290.0,,,,,,,,
91,79711.0, Touch,1681.9373,1011.97266,26.083374,26.083374,26.083374,26.083374,,,6.0
92,80541.0, Drop,27.0,,,,,,,,
93,81129.0, Fight,300.0,,,,,,,,
94,81995.0, Fight,310.0,,,,,,,,
95,83373.0, Touch,239.96704,677.0105,26.133728,26.133728,26.133728,26.133728,,,7.0
96,83887.0, Fight,320.0,,,,,,,,
97,85129.0, Fight,330.0,,,,,,,,
98,85506.0, Drop,28.0,,,,,,,,
99,86824.0, Touch,1153.9014,413.00903,26.184082,26.184082,26.184082,26.184082,,,4.0
100,87042.0, Drop,29.0,,,,,,,,
101,88471.0, Touch,878.9081,657.0044,26.234436,26.234436,26.234436,26.234436,,,7.0
102,88776.0, Drop,30.0,,,,,,,,
103,89391.0, Touch,1714.931,640.9863,26.28479,26.28479,26.28479,26.28479,,,4.0
104,91458.0, Touch,1354.9127,449.98900000000003,26.335144,26.335144,26.335144,26.335144,,,6.0
105,91932.0, Drop,31.0,,,,,,,,
106,93032.0, Touch,1485.9393,592.0093,26.385498,26.385498,26.385498,26.385498,,,6.0
107,93508.0, Drop,32.0,,,,,,,,
108,93592.0, Fight,340.0,,,,,,,,
109,94850.0, Touch,1090.9625,425.0061,26.435852,26.435852,26.435852,26.435852,,,6.0
110,94876.0, Drop,33.0,,,,,,,,
111,94959.0, Fight,350.0,,,,,,,,
112,95043.0, Fight,360.0,,,,,,,,
113,96231.0, Touch,1178.9008,469.99512000000004,26.486206,26.486206,26.486206,26.486206,,,5.0
114,96265.0, Fight,370.0,,,,,,,,
115,97514.0, Touch,428.98682,371.0193,26.536559999999998,26.536559999999998,26.536559999999998,26.536559999999998,,,6.0
116,98958.0, Fight,380.0,,,,,,,,
117,99043.0, Fight,390.0,,,,,,,,
118,100428.0, Touch,1323.9514,421.01807,26.586914,26.586914,26.586914,26.586914,,,9.0
119,100708.0, Drop,34.0,,,,,,,,
120,101531.0, Touch,1226.9348,396.0022,26.637268,26.637268,26.637268,26.637268,,,7.0
121,101784.0, Fight,400.0,,,,,,,,
122,102812.0, Touch,357.98584,619.99146,26.687621999999998,26.687621999999998,26.687621999999998,26.687621999999998,,,6.0
123,104138.0, Drop,35.0,,,,,,,,
124,104354.0, Drop,36.0,,,,,,,,
125,106527.0, Touch,922.94495,915.9961,26.737976,26.737976,26.737976,26.737976,,,8.0
126,106842.0, Fight,410.0,,,,,,,,
127,107242.0, Fight,420.0,,,,,,,,
128,108567.0, Touch,863.93555,415.01953,26.78833,26.78833,26.78833,26.78833,,,4.0
129,108833.0, Fight,430.0,,,,,,,,
130,109783.0, Touch,916.9153,614.9817,26.838684000000004,26.838684000000004,26.838684000000004,26.838684000000004,,,9.0
131,109960.0, Drop,37.0,,,,,,,,
132,110901.0, Touch,991.91345,293.99414,26.889038,26.889038,26.889038,26.889038,,,6.0
133,111227.0, Drop,38.0,,,,,,,,
134,112836.0, Touch,1419.9518,108.00658999999999,26.939391999999998,26.939391999999998,26.939391999999998,26.939391999999998,,,9.0
135,113759.0, Drop,39.0,,,,,,,,
136,114701.0, Fight,440.0,,,,,,,,
137,116038.0, Touch,1704.9042,589.9988,26.989746000000004,26.989746000000004,26.989746000000004,26.989746000000004,,,5.0
138,116734.0, Fight,450.0,,,,,,,,
139,117170.0, Fight,460.0,,,,,,,,
140,118918.0, Touch,631.9629,96.99829,27.0401,27.0401,27.0401,27.0401,,,6.0
141,119378.0, Fight,470.0,,,,,,,,
142,119548.0, Fight,480.0,,,,,,,,
143,120074.0, Drop,40.0,,,,,,,,
144,121553.0, Touch,352.9724,950.99854,27.090453999999998,27.090453999999998,27.090453999999998,27.090453999999998,,,6.0
145,122558.0, Drop,41.0,,,,,,,,
146,122558.0, Fight,490.0,,,,,,,,
147,123094.0, Fight,500.0,,,,,,,,
148,123278.0, Fight,510.0,,,,,,,,
149,124480.0, Touch,980.9381,275.99854,27.140808000000003,27.140808000000003,27.140808000000003,27.140808000000003,,,3.0
150,124643.0, Drop,42.0,,,,,,,,
151,125848.0, Touch,1482.8906,460.9973,27.191162,27.191162,27.191162,27.191162,,,8.0
152,125928.0, Fight,520.0,,,,,,,,
153,126562.0, Fight,530.0,,,,,,,,
154,127863.0, Touch,417.94372999999996,313.01147000000003,27.241515999999997,27.241515999999997,27.241515999999997,27.241515999999997,,,6.0
155,129175.0, Drop,43.0,,,,,,,,
156,130959.0, Touch,1620.8954,32.003174,27.29187,27.29187,27.29187,27.29187,,,4.0
157,131600.0, Fight,540.0,,,,,,,,
158,131823.0, Fight,550.0,,,,,,,,
159,132499.0, Fight,560.0,,,,,,,,
160,132579.0, Fight,570.0,,,,,,,,
161,134014.0, Touch,1666.8970000000002,918.99536,27.342223999999998,27.342223999999998,27.342223999999998,27.342223999999998,,,4.0
162,134333.0, Fight,580.0,,,,,,,,
163,135361.0, Fight,590.0,,,,,,,,
164,136780.0, Touch,624.9169999999999,883.9929,27.392578000000004,27.392578000000004,27.392578000000004,27.392578000000004,,,8.0
165,137633.0, Fight,600.0,,,,,,,,
166,137813.0, Fight,610.0,,,,,,,,
167,139352.0, Touch,570.9209999999999,111.00586000000001,27.442932,27.442932,27.442932,27.442932,,,7.0
168,139852.0, Drop,44.0,,,,,,,,
169,140615.0, Fight,620.0,,,,,,,,
170,141912.0, Touch,1837.8955,614.9817,27.493285999999998,27.493285999999998,27.493285999999998,27.493285999999998,,,7.0
171,142861.0, Fight,630.0,,,,,,,,
172,143753.0, Touch,1757.8839,493.0005,27.543640000000003,27.543640000000003,27.543640000000003,27.543640000000003,,,11.0
173,144925.0, Fight,640.0,,,,,,,,
174,145010.0, Drop,45.0,,,,,,,,
175,147087.0, Touch,1749.8895,311.00097999999997,27.593994,27.593994,27.593994,27.593994,,,4.0
176,147442.0, Fight,650.0,,,,,,,,
177,148715.0, Drop,46.0,,,,,,,,
178,149767.0, Touch,1572.9291,601.0071,27.644347999999997,27.644347999999997,27.644347999999997,27.644347999999997,,,6.0
179,150128.0, Fight,660.0,,,,,,,,
180,150945.0, Drop,47.0,,,,,,,,
181,152204.0, Touch,408.9331,983.9905,27.694702000000003,27.694702000000003,27.694702000000003,27.694702000000003,,,8.0
182,153528.0, Drop,48.0,,,,,,,,
183,153723.0, Fight,670.0,,,,,,,,
184,153918.0, Fight,680.0,,,,,,,,
185,155209.0, Touch,1045.9094,290.0061,27.745055999999998,27.745055999999998,27.745055999999998,27.745055999999998,,,7.0
186,155513.0, Fight,690.0,,,,,,,,
187,156938.0, Touch,389.96338,599.98535,27.795409999999997,27.795409999999997,27.795409999999997,27.795409999999997,,,7.0
188,158350.0, Drop,49.0,,,,,,,,
189,159715.0, Touch,1535.9381,893.9795,27.845764000000003,27.845764000000003,27.845764000000003,27.845764000000003,,,8.0
190,160259.0, Fight,700.0,,,,,,,,
191,160952.0, Drop,50.0,,,,,,,,
192,162061.0, Touch,1468.9343,548.9978,27.896117999999998,27.896117999999998,27.896117999999998,27.896117999999998,,,6.0
193,162786.0, Fight,710.0,,,,,,,,
194,164122.0, Touch,568.9563,216.01317999999998,27.946471999999996,27.946471999999996,27.946471999999996,27.946471999999996,,,7.0
195,165484.0, Fight,720.0,,,,,,,,
196,166499.0, Touch,670.9186,881.9824,27.996826000000002,27.996826000000002,27.996826000000002,27.996826000000002,,,9.0
197,167106.0, Drop,51.0,,,,,,,,
198,169033.0, Touch,1697.9260000000002,1030.0012,28.047179999999997,28.047179999999997,28.047179999999997,28.047179999999997,,,8.0
199,170963.0, Drop,52.0,,,,,,,,
200,172122.0, Touch,1433.9081,586.01074,28.097534000000003,28.097534000000003,28.097534000000003,28.097534000000003,,,6.0
201,172194.0, Drop,53.0,,,,,,,,
202,172856.0, Drop,54.0,,,,,,,,
203,172861.0, Drop,55.0,,,,,,,,
204,174161.0, Touch,1068.9441,1021.9922,28.147888000000002,28.147888000000002,28.147888000000002,28.147888000000002,,,7.0
205,174365.0, Drop,56.0,,,,,,,,
206,174447.0, Fight,730.0,,,,,,,,
207,174678.0, Drop,57.0,,,,,,,,
208,176010.0, Touch,1283.9117,527.01416,28.198241999999997,28.198241999999997,28.198241999999997,28.198241999999997,,,7.0
209,176332.0, Drop,58.0,,,,,,,,
210,177619.0, Touch,253.99108999999999,319.99877999999995,28.248596000000003,28.248596000000003,28.248596000000003,28.248596000000003,,,6.0
211,178677.0, Fight,740.0,,,,,,,,
212,179260.0, Drop,59.0,,,,,,,,
213,179432.0, Fight,750.0,,,,,,,,
214,181861.0, Touch,1201.9354,701.9934,28.29895,28.29895,28.29895,28.29895,,,6.0
215,182211.0, Drop,60.0,,,,,,,,
216,183553.0, Touch,349.9237,640.9863,28.349303999999997,28.349303999999997,28.349303999999997,28.349303999999997,,,5.0
217,184353.0, Fight,760.0,,,,,,,,
218,184909.0, Drop,61.0,,,,,,,,
219,185376.0, Fight,770.0,,,,,,,,
220,186301.0, Touch,655.94604,120.00366000000001,28.399658000000002,28.399658000000002,28.399658000000002,28.399658000000002,,,6.0
221,186959.0, Fight,780.0,,,,,,,,
222,187266.0, Fight,790.0,,,,,,,,
223,188707.0, Touch,1570.8966,563.0054,28.450012,28.450012,28.450012,28.450012,,,5.0
224,189543.0, Drop,62.0,,,,,,,,
225,189544.0, Fight,800.0,,,,,,,,
226,191179.0, Touch,361.98303,895.99,28.500365999999996,28.500365999999996,28.500365999999996,28.500365999999996,,,6.0
227,191463.0, Drop,63.0,,,,,,,,
228,192689.0, Drop,64.0,,,,,,,,
229,194975.0, Touch,36.990967,657.0044,28.550720000000002,28.550720000000002,28.550720000000002,28.550720000000002,,,5.0
230,195260.0, Fight,810.0,,,,,,,,
231,196494.0, Fight,820.0,,,,,,,,
232,197128.0, Drop,65.0,,,,,,,,
233,198521.0, Touch,1470.899,96.99829,28.601074,28.601074,28.601074,28.601074,,,6.0
234,199742.0, Drop,66.0,,,,,,,,
235,200241.0, Drop,67.0,,,,,,,,
236,200918.0, Touch,1000.9241,231.00952,28.651428000000003,28.651428000000003,28.651428000000003,28.651428000000003,,,7.0
237,201336.0, Drop,68.0,,,,,,,,
238,202264.0, Touch,511.97937,378.0066,28.701782,28.701782,28.701782,28.701782,,,6.0
239,203176.0, Fight,830.0,,,,,,,,
240,203319.0, Fight,840.0,,,,,,,,
241,205070.0, Touch,1644.9463,149.00757,28.752136,28.752136,28.752136,28.752136,,,5.0
242,205188.0, Drop,69.0,,,,,,,,
243,205942.0, Drop,70.0,,,,,,,,
244,206114.0, Fight,850.0,,,,,,,,
245,206936.0, Touch,1369.953,602.9846,28.802490000000002,28.802490000000002,28.802490000000002,28.802490000000002,,,7.0
246,207257.0, Fight,860.0,,,,,,,,
247,208628.0, Touch,763.938,160.01587,28.852844,28.852844,28.852844,28.852844,,,6.0
248,209102.0, Drop,71.0,,,,,,,,
249,209193.0, Drop,72.0,,,,,,,,
250,209442.0, Fight,870.0,,,,,,,,
251,210842.0, Touch,1731.9360000000001,254.0149,28.903198,28.903198,28.903198,28.903198,,,5.0
252,211225.0, Drop,73.0,,,,,,,,
253,211227.0, Fight,880.0,,,,,,,,
254,212230.0, Fight,890.0,,,,,,,,
255,213699.0, Touch,1073.9575,795.99243,28.953552000000002,28.953552000000002,28.953552000000002,28.953552000000002,,,8.0
256,214023.0, Drop,74.0,,,,,,,,
257,215711.0, Touch,564.9591,796.9812,29.003906,29.003906,29.003906,29.003906,,,6.0
258,216743.0, Drop,75.0,,,,,,,,
259,216829.0, Drop,76.0,,,,,,,,
260,218220.0, Touch,540.97595,833.99414,29.05426,29.05426,29.05426,29.05426,,,7.0
261,219273.0, Fight,900.0,,,,,,,,
262,220394.0, Touch,1105.935,812.99927,29.104614,29.104614,29.104614,29.104614,,,6.0
263,220874.0, Drop,77.0,,,,,,,,
264,221860.0, Touch,701.94763,630.9997599999999,29.154968,29.154968,29.154968,29.154968,,,7.0
265,222549.0, Drop,78.0,,,,,,,,
266,223465.0, Touch,993.9459,74.02588,29.205322,29.205322,29.205322,29.205322,,,2.0
267,224594.0, Fight,910.0,,,,,,,,
268,225934.0, Touch,1071.925,165.02563,29.255676,29.255676,29.255676,29.255676,,,8.0
269,226529.0, Drop,79.0,,,,,,,,
270,227614.0, Touch,1088.93,299.0039,29.30603,29.30603,29.30603,29.30603,,,8.0
271,227911.0, Fight,920.0,,,,,,,,
272,229648.0, Touch,1339.9402,584.0002400000001,29.356384000000002,29.356384000000002,29.356384000000002,29.356384000000002,,,3.0
273,230201.0, Drop,80.0,,,,,,,,
274,231967.0, Touch,2007.8778,795.99243,29.406738,29.406738,29.406738,29.406738,,,6.0
275,233386.0, Drop,81.0,,,,,,,,
276,234697.0, Drop,82.0,,,,,,,,
277,235705.0, Touch,1470.899,833.0054,29.457092,29.457092,29.457092,29.457092,,,6.0
278,236745.0, Drop,83.0,,,,,,,,
279,236945.0, Drop,84.0,,,,,,,,
280,239392.0, Touch,389.96338,555.9851,29.507446,29.507446,29.507446,29.507446,,,5.0
281,240691.0, Drop,85.0,,,,,,,,
282,241928.0, Touch,517.9413,852.9785,29.5578,29.5578,29.5578,29.5578,,,3.0
283,243317.0, Drop,86.0,,,,,,,,
284,244318.0, Touch,1888.9105,707.99194,29.608154,29.608154,29.608154,29.608154,,,7.0
285,245286.0, Drop,87.0,,,,,,,,
286,245934.0, Fight,930.0,,,,,,,,
287,246018.0, Drop,88.0,,,,,,,,
288,247291.0, Touch,1280.9308,469.00635,29.658508,29.658508,29.658508,29.658508,,,9.0
289,247628.0, Fight,940.0,,,,,,,,
290,248976.0, Touch,1437.9053,739.00635,29.708862,29.708862,29.708862,29.708862,,,8.0
291,249822.0, Fight,950.0,,,,,,,,
292,251538.0, Touch,1857.8815,101.01929,29.759216,29.759216,29.759216,29.759216,,,7.0
293,253368.0, Fight,960.0,,,,,,,,
294,253450.0, Drop,89.0,,,,,,,,
295,255218.0, Touch,806.9586,108.00658999999999,29.80957,29.80957,29.80957,29.80957,,,6.0
296,255545.0, Drop,90.0,,,,,,,,
297,255545.0, Fight,970.0,,,,,,,,
298,255937.0, Drop,91.0,,,,,,,,
299,256171.0, Drop,92.0,,,,,,,,
300,257903.0, Touch,648.9679,171.02417,29.859924,29.859924,29.859924,29.859924,,,10.0
301,257980.0, Drop,93.0,,,,,,,,
302,258736.0, Drop,94.0,,,,,,,,
303,260157.0, Touch,974.90845,796.9812,29.910278,29.910278,29.910278,29.910278,,,7.0
304,260297.0, Fight,980.0,,,,,,,,
305,261769.0, Touch,656.9623,543.9880400000001,29.960632,29.960632,29.960632,29.960632,,,6.0
306,261990.0, Fight,990.0,,,,,,,,
307,262671.0, Drop,95.0,,,,,,,,
308,264649.0, Touch,925.9259,936.0022,30.010986,30.010986,30.010986,30.010986,,,6.0
309,264689.0, Drop,96.0,,,,,,,,
310,264705.0, Touch,925.9259,936.0022,30.06134,30.06134,30.06134,30.06134,,,6.0
311,264833.0, Drop,97.0,,,,,,,,
312,265028.0, Drop,98.0,,,,,,,,
313,266250.0, Touch,758.9245599999999,900.9997599999999,30.111694,30.111694,30.111694,30.111694,,,6.0
314,267084.0, Fight,1000.0,,,,,,,,
315,268132.0, Touch,579.93164,465.0183,30.162048,30.162048,30.162048,30.162048,,,7.0
316,269053.0, Drop,99.0,,,,,,,,
317,270249.0, Touch,766.91895,949.9768,30.212402,30.212402,30.212402,30.212402,,,6.0
318,271273.0, Fight,1010.0,,,,,,,,
319,272373.0, Touch,1518.9331,489.01245,30.262756,30.262756,30.262756,30.262756,,,7.0
320,272520.0, Drop,100.0,,,,,,,,
321,273025.0, Fight,1020.0,,,,,,,,
322,273842.0, Touch,1306.9464,787.9834,30.313109999999998,30.313109999999998,30.313109999999998,30.313109999999998,,,6.0
323,274185.0, Fight,1030.0,,,,,,,,
324,274272.0, Fight,1040.0,,,,,,,,
325,275860.0, Touch,19.985962,528.9917,30.363464,30.363464,30.363464,30.363464,,,6.0
326,278500.0, Drop,101.0,,,,,,,,
327,279883.0, Touch,954.9225,651.9946,30.413818,30.413818,30.413818,30.413818,,,6.0
328,279950.0, Drop,102.0,,,,,,,,
329,281542.0, Touch,638.94104,196.99585,30.464171999999998,30.464171999999998,30.464171999999998,30.464171999999998,,,9.0
330,282505.0, Drop,103.0,,,,,,,,
331,284620.0, Touch,1550.9106,4.020996,30.514526,30.514526,30.514526,30.514526,,,5.0
332,285222.0, Drop,104.0,,,,,,,,
333,286204.0, Fight,1050.0,,,,,,,,
334,288322.0, Touch,732.9767,121.02538999999999,30.56488,30.56488,30.56488,30.56488,,,11.0
335,288642.0, Drop,105.0,,,,,,,,
336,288952.0, Fight,1060.0,,,,,,,,
337,289026.0, Fight,1070.0,,,,,,,,
338,289172.0, Fight,1080.0,,,,,,,,
339,290495.0, Touch,1519.9493,178.01147,30.615234,30.615234,30.615234,30.615234,,,10.0
340,290944.0, Drop,106.0,,,,,,,,
341,291022.0, Drop,107.0,,,,,,,,
342,291775.0, Drop,108.0,,,,,,,,
343,292565.0, Touch,1039.9475,190.99731,30.665588,30.665588,30.665588,30.665588,,,7.0
344,292982.0, Fight,1090.0,,,,,,,,
345,294561.0, Touch,1919.9396,736.99585,30.715942,30.715942,30.715942,30.715942,,,8.0
346,295994.0, Fight,1100.0,,,,,,,,
347,298018.0, Touch,1978.8812,443.99048,30.766296,30.766296,30.766296,30.766296,,,7.0
348,298242.0, Drop,109.0,,,,,,,,
349,299386.0, Fight,1110.0,,,,,,,,
350,299945.0, Drop,110.0,,,,,,,,
351,301148.0, Touch,1493.9337,780.0073,30.81665,30.81665,30.81665,30.81665,,,9.0
352,302130.0, Drop,111.0,,,,,,,,
353,304329.0, Touch,820.9149,1025.9802,30.867003999999998,30.867003999999998,30.867003999999998,30.867003999999998,,,7.0
354,305129.0, Drop,112.0,,,,,,,,
355,305523.0, Drop,113.0,,,,,,,,
356,307103.0, Touch,1322.9352,927.0044,30.917358,30.917358,30.917358,30.917358,,,6.0
357,307377.0, Drop,114.0,,,,,,,,
358,307821.0, Fight,1120.0,,,,,,,,
359,309186.0, Touch,912.9181,898.98926,30.967712,30.967712,30.967712,30.967712,,,7.0
360,309361.0, Fight,1130.0,,,,,,,,
361,309524.0, Fight,1140.0,,,,,,,,
362,311039.0, Touch,891.9159,896.97876,31.018065999999997,31.018065999999997,31.018065999999997,31.018065999999997,,,6.0
363,311303.0, Fight,1150.0,,,,,,,,
364,311475.0, Drop,115.0,,,,,,,,
365,312954.0, Touch,553.9159999999999,446.98975,31.06842,31.06842,31.06842,31.06842,,,7.0
366,313337.0, Drop,116.0,,,,,,,,
367,313743.0, Fight,1160.0,,,,,,,,
368,315006.0, Touch,1482.8906,254.0149,31.118774,31.118774,31.118774,31.118774,,,6.0
369,315777.0, Fight,1170.0,,,,,,,,
370,317104.0, Touch,120.93201,622.9907,31.169128000000004,31.169128000000004,31.169128000000004,31.169128000000004,,,6.0
371,318989.0, Fight,1180.0,,,,,,,,
372,320685.0, Touch,1578.891,30.025634999999998,31.219482,31.219482,31.219482,31.219482,,,6.0
373,322121.0, Fight,1190.0,,,,,,,,
374,322210.0, Fight,1200.0,,,,,,,,
375,322500.0, Fight,1210.0,,,,,,,,
376,324301.0, Touch,1794.9426,407.99927,31.269835999999998,31.269835999999998,31.269835999999998,31.269835999999998,,,8.0
377,325075.0, Drop,117.0,,,,,,,,
378,325159.0, Drop,118.0,,,,,,,,
379,326542.0, Touch,355.95337,121.02538999999999,31.320190000000004,31.320190000000004,31.320190000000004,31.320190000000004,,,6.0
380,327758.0, Drop,119.0,,,,,,,,
381,327760.0, Drop,120.0,,,,,,,,
382,328089.0, Fight,1220.0,,,,,,,,
383,328261.0, Fight,1230.0,,,,,,,,
384,329264.0, Touch,1119.9591,257.01416,31.370544,31.370544,31.370544,31.370544,,,5.0
385,329591.0, Drop,121.0,,,,,,,,
386,330733.0, Touch,1677.9401,446.98975,31.420897999999998,31.420897999999998,31.420897999999998,31.420897999999998,,,6.0
387,331787.0, Fight,1240.0,,,,,,,,
388,333052.0, Touch,471.9397,360.99976000000004,31.471252000000003,31.471252000000003,31.471252000000003,31.471252000000003,,,9.0
389,333657.0, Drop,122.0,,,,,,,,
390,333792.0, Fight,1250.0,,,,,,,,
391,335335.0, Touch,73.98193,684.9866,31.521606,31.521606,31.521606,31.521606,,,7.0
392,337544.0, Drop,123.0,,,,,,,,
393,338961.0, Touch,770.91614,1008.9734,31.571959999999997,31.571959999999997,31.571959999999997,31.571959999999997,,,6.0
394,339989.0, Drop,124.0,,,,,,,,
395,340074.0, Drop,125.0,,,,,,,,
396,341592.0, Touch,928.9068599999999,1068.9917,31.622314000000003,31.622314000000003,31.622314000000003,31.622314000000003,,,6.0
397,342123.0, Fight,1260.0,,,,,,,,
398,342209.0, Fight,1270.0,,,,,,,,
399,342285.0, Fight,1280.0,,,,,,,,
400,342369.0, Fight,1290.0,,,,,,,,
401,342448.0, Fight,1300.0,,,,,,,,
402,342530.0, Fight,1310.0,,,,,,,,
403,343944.0, Touch,613.94165,1021.9922,31.672667999999998,31.672667999999998,31.672667999999998,31.672667999999998,,,6.0
404,345104.0, Drop,126.0,,,,,,,,
405,345213.0, Fight,1320.0,,,,,,,,
406,345335.0, Fight,1330.0,,,,,,,,
407,346766.0, Touch,1369.953,704.9927,31.723021999999997,31.723021999999997,31.723021999999997,31.723021999999997,,,6.0
408,346859.0, Fight,1340.0,,,,,,,,
409,347470.0, Drop,127.0,,,,,,,,
410,348812.0, Touch,49.93103,724.9988,31.773376000000003,31.773376000000003,31.773376000000003,31.773376000000003,,,8.0
411,349809.0, Fight,1350.0,,,,,,,,
412,350725.0, Fight,1360.0,,,,,,,,
413,350727.0, Fight,1370.0,,,,,,,,
414,350992.0, Drop,128.0,,,,,,,,
415,352205.0, Touch,1178.9008,109.02832,31.823729999999998,31.823729999999998,31.823729999999998,31.823729999999998,,,6.0
416,352506.0, Fight,1380.0,,,,,,,,
417,352507.0, Fight,1390.0,,,,,,,,
418,352588.0, Fight,1400.0,,,,,,,,
419,352670.0, Fight,1410.0,,,,,,,,
420,352944.0, Drop,129.0,,,,,,,,
421,354795.0, Touch,1666.8970000000002,971.9934,31.874084000000003,31.874084000000003,31.874084000000003,31.874084000000003,,,5.0
422,355029.0, Drop,130.0,,,,,,,,
423,355145.0, Drop,131.0,,,,,,,,
424,356008.0, Drop,132.0,,,,,,,,
425,357290.0, Touch,269.97986000000003,566.00464,31.924438000000002,31.924438000000002,31.924438000000002,31.924438000000002,,,7.0
426,358693.0, Fight,1420.0,,,,,,,,
427,360001.0, Touch,1633.9032,83.02368,31.974791999999997,31.974791999999997,31.974791999999997,31.974791999999997,,,4.0
428,361741.0, Drop,133.0,,,,,,,,
429,363301.0, Touch,564.9591,114.00513000000001,32.025146,32.025146,32.025146,32.025146,,,7.0
430,363911.0, Drop,134.0,,,,,,,,
431,364558.0, Fight,1430.0,,,,,,,,
432,366128.0, Touch,1027.9559,83.02368,32.0755,32.0755,32.0755,32.0755,,,6.0
433,366973.0, Fight,1440.0,,,,,,,,
434,368407.0, Touch,1030.9369,83.02368,32.125854,32.125854,32.125854,32.125854,,,6.0
435,368534.0, Fight,1450.0,,,,,,,,
436,369443.0, Fight,1460.0,,,,,,,,
437,369513.0, Drop,135.0,,,,,,,,
438,371353.0, Touch,712.923,504.0088,32.17621,32.17621,32.17621,32.17621,,,8.0
439,371664.0, Fight,1470.0,,,,,,,,
440,372720.0, Touch,1905.9155,524.0149,32.226562,32.226562,32.226562,32.226562,,,6.0
441,374331.0, Touch,1931.9312,481.00342,32.276917,32.276917,32.276917,32.276917,,,6.0
442,375972.0, Fight,1480.0,,,,,,,,
443,377773.0, Touch,1510.9387,799.98047,32.32727,32.32727,32.32727,32.32727,,,5.0
444,378897.0, Drop,136.0,,,,,,,,
445,379928.0, Touch,1652.9407,601.0071,32.377625,32.377625,32.377625,32.377625,,,6.0
446,381340.0, Drop,137.0,,,,,,,,
447,382272.0, Touch,1457.8912,542.99927,32.42798,32.42798,32.42798,32.42798,,,3.0
448,383009.0, Drop,138.0,,,,,,,,
449,384061.0, Touch,1036.9666,208.00415,32.478333,32.478333,32.478333,32.478333,,,6.0
450,384557.0, Fight,1490.0,,,,,,,,
451,385542.0, Touch,936.9689999999999,989.9889999999999,32.528687,32.528687,32.528687,32.528687,,,10.0
452,387293.0, Touch,1008.91846,770.97656,32.57904,32.57904,32.57904,32.57904,,,5.0
453,387294.0, Fight,1500.0,,,,,,,,
454,389405.0, Touch,570.9209999999999,684.9866,32.629395,32.629395,32.629395,32.629395,,,7.0
455,390429.0, Fight,1510.0,,,,,,,,
456,392204.0, Touch,394.9768,472.0056,32.67975,32.67975,32.67975,32.67975,,,7.0
457,393509.0, Drop,139.0,,,,,,,,
458,395122.0, Touch,1274.9011,898.98926,32.730103,32.730103,32.730103,32.730103,,,6.0
459,395878.0, Fight,1520.0,,,,,,,,
460,396794.0, Touch,1243.9398,923.9721699999999,32.780457,32.780457,32.780457,32.780457,,,7.0
461,397326.0, Fight,1530.0,,,,,,,,
462,397495.0, Fight,1540.0,,,,,,,,
463,398846.0, Touch,1356.9452,792.99316,32.83081,32.83081,32.83081,32.83081,,,8.0
464,399356.0, Fight,1550.0,,,,,,,,
465,399616.0, Drop,140.0,,,,,,,,
466,401080.0, Touch,1494.95,365.02075,32.881165,32.881165,32.881165,32.881165,,,6.0
467,401308.0, Drop,141.0,,,,,,,,
468,401958.0, Fight,1560.0,,,,,,,,
469,402914.0, Touch,886.9702,722.9883,32.93152,32.93152,32.93152,32.93152,,,6.0
470,403172.0, Drop,142.0,,,,,,,,
471,403316.0, Drop,143.0,,,,,,,,
472,404338.0, Touch,1187.9114,89.02221999999999,32.981873,32.981873,32.981873,32.981873,,,8.0
473,405394.0, Fight,1570.0,,,,,,,,
474,406488.0, Touch,455.95092999999997,346.9922,33.032227,33.032227,33.032227,33.032227,,,4.0
475,407159.0, Fight,1580.0,,,,,,,,
476,407623.0, Fight,1590.0,,,,,,,,
477,408978.0, Touch,1053.9038,239.01855,33.08258,33.08258,33.08258,33.08258,,,10.0
478,409169.0, Fight,1600.0,,,,,,,,
479,410856.0, Touch,1779.9023,177.0227,33.132934999999996,33.132934999999996,33.132934999999996,33.132934999999996,,,8.0
480,411763.0, Fight,1610.0,,,,,,,,
481,412088.0, Fight,1620.0,,,,,,,,
482,412166.0, Drop,144.0,,,,,,,,
483,413730.0, Touch,530.9491,90.999756,33.18329,33.18329,33.18329,33.18329,,,8.0
484,414741.0, Fight,1630.0,,,,,,,,
485,415104.0, Fight,1640.0,,,,,,,,
486,416724.0, Touch,1439.9377,660.99243,33.233643,33.233643,33.233643,33.233643,,,3.0
487,417308.0, Fight,1650.0,,,,,,,,
488,418729.0, Touch,332.98645,440.9912,33.283997,33.283997,33.283997,33.283997,,,6.0
489,420443.0, Fight,1660.0,,,,,,,,
490,421453.0, Touch,1133.9154,937.97974,33.33435,33.33435,33.33435,33.33435,,,7.0
491,421812.0, Fight,1670.0,,,,,,,,
492,422882.0, Touch,871.9299300000001,890.9802,33.384705,33.384705,33.384705,33.384705,,,6.0
493,423044.0, Drop,145.0,,,,,,,,
494,423233.0, Fight,1680.0,,,,,,,,
495,424684.0, Touch,533.93005,755.9802,33.43506,33.43506,33.43506,33.43506,,,7.0
496,425747.0, Fight,1690.0,,,,,,,,
497,426367.0, Touch,585.9613,856.9995,33.485413,33.485413,33.485413,33.485413,,,6.0
498,426923.0, Fight,1700.0,,,,,,,,
499,427826.0, Touch,846.9305400000001,946.9775400000001,33.535767,33.535767,33.535767,33.535767,,,12.0
500,428247.0, Fight,1710.0,,,,,,,,
501,430624.0, Touch,1973.9355,498.01025,33.58612,33.58612,33.58612,33.58612,,,9.0
502,431439.0, Drop,146.0,,,,,,,,
503,432537.0, Fight,1720.0,,,,,,,,
504,433822.0, Touch,1153.9014,302.00317,33.636475,33.636475,33.636475,33.636475,,,7.0
505,434188.0, Drop,147.0,,,,,,,,
506,435530.0, Touch,344.97803,596.9861,33.68683,33.68683,33.68683,33.68683,,,10.0
507,436015.0, Drop,148.0,,,,,,,,
508,436451.0, Fight,1730.0,,,,,,,,
509,437110.0, Drop,149.0,,,,,,,,
510,438534.0, Touch,107.99193999999999,284.99634,33.737183,33.737183,33.737183,33.737183,,,6.0
511,440745.0, Drop,150.0,,,,,,,,
512,442191.0, Touch,633.9276,442.01294,33.787537,33.787537,33.787537,33.787537,,,8.0
513,442726.0, Fight,1740.0,,,,,,,,
514,444071.0, Touch,2069.936,399.00146,33.83789,33.83789,33.83789,33.83789,,,6.0
515,445176.0, Fight,1750.0,,,,,,,,
516,445613.0, Drop,151.0,,,,,,,,
517,445837.0, Fight,1760.0,,,,,,,,
518,446021.0, Fight,1770.0,,,,,,,,
519,448445.0, Touch,1848.9386,163.01514,33.888245,33.888245,33.888245,33.888245,,,3.0
520,448611.0, Fight,1780.0,,,,,,,,
521,449385.0, Drop,152.0,,,,,,,,
522,450262.0, Fight,1790.0,,,,,,,,
523,451975.0, Touch,1578.891,543.9880400000001,33.9386,33.9386,33.9386,33.9386,,,7.0
524,452886.0, Fight,1800.0,,,,,,,,
525,454604.0, Touch,292.94678,184.99878,33.988953,33.988953,33.988953,33.988953,,,6.0
526,456207.0, Drop,153.0,,,,,,,,
527,457569.0, Touch,196.94641000000001,436.0144,34.039307,34.039307,34.039307,34.039307,,,8.0
528,458460.0, Drop,154.0,,,,,,,,
529,458544.0, Drop,155.0,,,,,,,,
530,458952.0, Fight,1810.0,,,,,,,,
531,459281.0, Fight,1820.0,,,,,,,,
532,460702.0, Touch,631.9629,527.01416,34.089659999999995,34.089659999999995,34.089659999999995,34.089659999999995,,,8.0
533,461390.0, Fight,1830.0,,,,,,,,
534,462564.0, Touch,1368.9368,974.9927,34.140015000000005,34.140015000000005,34.140015000000005,34.140015000000005,,,7.0
535,463040.0, Fight,1840.0,,,,,,,,
536,463261.0, Fight,1850.0,,,,,,,,
537,463726.0, Fight,1860.0,,,,,,,,
538,465297.0, Touch,1272.9364,920.9729,34.19037,34.19037,34.19037,34.19037,,,5.0
539,465954.0, Fight,1870.0,,,,,,,,
540,466400.0, Drop,156.0,,,,,,,,
541,467498.0, Touch,1064.9469,940.9789999999999,34.240722999999996,34.240722999999996,34.240722999999996,34.240722999999996,,,6.0
542,467726.0, Fight,1880.0,,,,,,,,
543,468308.0, Drop,157.0,,,,,,,,
544,470401.0, Touch,181.97388,143.00903,34.291077,34.291077,34.291077,34.291077,,,6.0
545,471604.0, Fight,1890.0,,,,,,,,
546,472191.0, Fight,1900.0,,,,,,,,
547,474083.0, Touch,1028.9044,278.9978,34.341429999999995,34.341429999999995,34.341429999999995,34.341429999999995,,,9.0
548,474429.0, Drop,158.0,,,,,,,,
549,474432.0, Drop,159.0,,,,,,,,
550,475749.0, Touch,1598.9447,524.0149,34.391785,34.391785,34.391785,34.391785,,,8.0
551,476805.0, Drop,160.0,,,,,,,,
552,477835.0, Touch,849.9115,813.9880400000001,34.44214,34.44214,34.44214,34.44214,,,5.0
553,478326.0, Drop,161.0,,,,,,,,
554,479832.0, Touch,1149.9042,1043.9758,34.492492999999996,34.492492999999996,34.492492999999996,34.492492999999996,,,7.0
555,480853.0, Drop,162.0,,,,,,,,
556,480949.0, Drop,163.0,,,,,,,,
557,482652.0, Touch,1803.8855,751.9922,34.542846999999995,34.542846999999995,34.542846999999995,34.542846999999995,,,5.0
558,483090.0, Fight,1910.0,,,,,,,,
559,483871.0, Drop,164.0,,,,,,,,
560,483963.0, Fight,1920.0,,,,,,,,
561,484725.0, Drop,165.0,,,,,,,,
562,486018.0, Touch,1467.9181,505.98633,34.5932,34.5932,34.5932,34.5932,,,6.0
563,486833.0, Drop,166.0,,,,,,,,
564,488064.0, Touch,1101.9379,169.01367,34.643555,34.643555,34.643555,34.643555,,,8.0
565,488658.0, Fight,1930.0,,,,,,,,
566,488842.0, Fight,1940.0,,,,,,,,
567,489009.0, Fight,1950.0,,,,,,,,
568,490571.0, Touch,1706.9366,217.00195,34.693909999999995,34.693909999999995,34.693909999999995,34.693909999999995,,,6.0
569,491738.0, Fight,1960.0,,,,,,,,
570,492125.0, Drop,167.0,,,,,,,,
571,494093.0, Touch,530.9491,308.0017,34.744263000000004,34.744263000000004,34.744263000000004,34.744263000000004,,,9.0
572,495078.0, Drop,168.0,,,,,,,,
573,495079.0, Fight,1970.0,,,,,,,,
574,496335.0, Touch,1062.9144,274.02099999999996,34.794616999999995,34.794616999999995,34.794616999999995,34.794616999999995,,,5.0
575,496472.0, Drop,169.0,,,,,,,,
576,496560.0, Fight,1980.0,,,,,,,,
577,497888.0, Touch,479.93408,445.0122,34.84497,34.84497,34.84497,34.84497,,,5.0
578,498841.0, Fight,1990.0,,,,,,,,
579,500519.0, Touch,29.945068,842.99194,34.895325,34.895325,34.895325,34.895325,,,6.0
580,501568.0, Drop,170.0,,,,,,,,
581,502779.0, Fight,2000.0,,,,,,,,
582,504539.0, Touch,622.9523,595.00854,34.945679999999996,34.945679999999996,34.945679999999996,34.945679999999996,,,28.0
583,505146.0, Drop,171.0,,,,,,,,
584,505228.0, Drop,172.0,,,,,,,,
585,506682.0, Touch,1159.931,272.99927,34.996033000000004,34.996033000000004,34.996033000000004,34.996033000000004,,,6.0
586,507084.0, Drop,173.0,,,,,,,,
587,508104.0, Touch,1510.9387,598.0078,35.046387,35.046387,35.046387,35.046387,,,6.0
588,508977.0, Drop,174.0,,,,,,,,
589,510305.0, Touch,801.9452,123.00293,35.096740000000004,35.096740000000004,35.096740000000004,35.096740000000004,,,6.0
590,510856.0, Drop,175.0,,,,,,,,
591,511139.0, Fight,2010.0,,,,,,,,
592,512210.0, Touch,1238.9264,651.9946,35.147095,35.147095,35.147095,35.147095,,,8.0
593,512356.0, Drop,176.0,,,,,,,,
594,513436.0, Touch,977.95715,1004.98535,35.19745,35.19745,35.19745,35.19745,,,6.0
595,514318.0, Drop,177.0,,,,,,,,
596,514871.0, Touch,977.95715,1004.98535,35.247803000000005,35.247803000000005,35.247803000000005,35.247803000000005,,,5.0
597,515213.0, Drop,178.0,,,,,,,,
598,516211.0, Touch,798.9642299999999,636.9983,35.298157,35.298157,35.298157,35.298157,,,9.0
599,516217.0, Fight,2020.0,,,,,,,,
600,517994.0, Touch,885.954,1055.9729,35.34851,35.34851,35.34851,35.34851,,,5.0
601,519089.0, Fight,2030.0,,,,,,,,
602,520368.0, Touch,1610.9363,228.99902000000003,35.398865,35.398865,35.398865,35.398865,,,5.0
603,522274.0, Touch,1119.9591,157.0166,35.449220000000004,35.449220000000004,35.449220000000004,35.449220000000004,,,6.0
604,523078.0, Drop,179.0,,,,,,,,
605,524169.0, Touch,1541.9,283.0188,35.499573,35.499573,35.499573,35.499573,,,5.0
606,525241.0, Drop,180.0,,,,,,,,
607,526989.0, Touch,1213.927,92.021484,35.549927000000004,35.549927000000004,35.549927000000004,35.549927000000004,,,5.0
608,527253.0, Fight,2040.0,,,,,,,,
609,527872.0, Fight,2050.0,,,,,,,,
610,529625.0, Touch,2032.8772,810.0,35.60028,35.60028,35.60028,35.60028,,,6.0
611,530587.0, Drop,181.0,,,,,,,,
612,530590.0, Fight,2060.0,,,,,,,,
613,532041.0, Drop,182.0,,,,,,,,
614,533203.0, Touch,1556.9403,513.0066,35.650635,35.650635,35.650635,35.650635,,,9.0
615,533444.0, Fight,2070.0,,,,,,,,
616,533642.0, Fight,2080.0,,,,,,,,
617,534523.0, Drop,183.0,,,,,,,,
618,536089.0, Touch,1164.9445,103.029785,35.700990000000004,35.700990000000004,35.700990000000004,35.700990000000004,,,4.0
619,536254.0, Fight,2090.0,,,,,,,,
620,537030.0, Drop,184.0,,,,,,,,
621,537031.0, Fight,2100.0,,,,,,,,
622,537110.0, Fight,2110.0,,,,,,,,
623,537111.0, Fight,2120.0,,,,,,,,
624,538341.0, Touch,841.9171,619.99146,35.751343,35.751343,35.751343,35.751343,,,4.0
625,538728.0, Fight,2130.0,,,,,,,,
626,538809.0, Fight,2140.0,,,,,,,,
627,540241.0, Touch,425.9381,521.0156,35.801697,35.801697,35.801697,35.801697,,,5.0
628,541483.0, Fight,2150.0,,,,,,,,
629,542738.0, Touch,1329.9133,845.0024400000001,35.85205,35.85205,35.85205,35.85205,,,5.0
630,543175.0, Fight,2160.0,,,,,,,,
631,544519.0, Touch,1547.9297,384.9939,35.902405,35.902405,35.902405,35.902405,,,6.0
632,545341.0, Fight,2170.0,,,,,,,,
633,546411.0, Touch,1136.9641,1045.9863,35.95276,35.95276,35.95276,35.95276,,,7.0
634,547427.0, Drop,185.0,,,,,,,,
635,549458.0, Touch,51.9635,830.0061,36.003113,36.003113,36.003113,36.003113,,,6.0
636,550374.0, Fight,2180.0,,,,,,,,
637,551910.0, Fight,2190.0,,,,,,,,
638,554230.0, Touch,6.9781494,446.98975,36.053467,36.053467,36.053467,36.053467,,,6.0
639,555684.0, Fight,2200.0,,,,,,,,
640,556596.0, Drop,186.0,,,,,,,,
641,556944.0, Drop,187.0,,,,,,,,
642,558776.0, Touch,1927.934,950.99854,36.10382,36.10382,36.10382,36.10382,,,7.0
643,560010.0, Drop,188.0,,,,,,,,
644,560092.0, Drop,189.0,,,,,,,,
645,560426.0, Drop,190.0,,,,,,,,
646,560513.0, Fight,2210.0,,,,,,,,
647,561026.0, Drop,191.0,,,,,,,,
648,562239.0, Touch,1797.9236,654.9939,36.154175,36.154175,36.154175,36.154175,,,8.0
649,562677.0, Drop,192.0,,,,,,,,
650,562766.0, Fight,2220.0,,,,,,,,
651,564135.0, Fight,2230.0,,,,,,,,
652,565488.0, Touch,1400.9143,763.0005,36.20453,36.20453,36.20453,36.20453,,,5.0
653,565924.0, Fight,2240.0,,,,,,,,
654,565927.0, Fight,2250.0,,,,,,,,
655,567159.0, Touch,584.94507,401.01196,36.254883,36.254883,36.254883,36.254883,,,7.0
656,568140.0, Drop,193.0,,,,,,,,
657,569244.0, Touch,783.92395,896.97876,36.305237,36.305237,36.305237,36.305237,,,7.0
658,569978.0, Drop,194.0,,,,,,,,
659,569979.0, Fight,2260.0,,,,,,,,
660,572707.0, Touch,56.97693,137.0105,36.35559,36.35559,36.35559,36.35559,,,6.0
661,572853.0, Fight,2270.0,,,,,,,,
662,574027.0, Fight,2280.0,,,,,,,,
663,574197.0, Fight,2290.0,,,,,,,,
664,574819.0, Fight,2300.0,,,,,,,,
665,575072.0, Fight,2310.0,,,,,,,,
666,577141.0, Touch,287.93335,436.0144,36.405945,36.405945,36.405945,36.405945,,,6.0
667,577196.0, Drop,195.0,,,,,,,,
668,578038.0, Fight,2320.0,,,,,,,,
669,578904.0, Drop,196.0,,,,,,,,
670,580172.0, Touch,710.95825,387.0044,36.4563,36.4563,36.4563,36.4563,,,5.0
671,580653.0, Fight,2330.0,,,,,,,,
672,581886.0, Touch,747.9492,781.9848599999999,36.506653,36.506653,36.506653,36.506653,,,6.0
673,582403.0, Drop,197.0,,,,,,,,
674,582562.0, Drop,198.0,,,,,,,,
675,583724.0, Touch,2005.9131,795.99243,36.557007,36.557007,36.557007,36.557007,,,5.0
676,587529.0, Touch,1711.8823,601.0071,36.60736,36.60736,36.60736,36.60736,,,6.0
677,588622.0, Fight,2340.0,,,,,,,,
678,590152.0, Touch,1902.9346,540.9888,36.657715,36.657715,36.657715,36.657715,,,5.0
679,591226.0, Fight,2350.0,,,,,,,,
680,592001.0, Drop,199.0,,,,,,,,
681,592984.0, Touch,1041.9122,190.99731,36.70807,36.70807,36.70807,36.70807,,,5.0
682,593818.0, Fight,2360.0,,,,,,,,
683,595736.0, Touch,267.9474,501.9983,36.758423,36.758423,36.758423,36.758423,,,5.0
684,597312.0, Fight,2370.0,,,,,,,,
685,598492.0, Touch,1632.8870000000002,163.01514,36.808777,36.808777,36.808777,36.808777,,,7.0
686,599761.0, Fight,2380.0,,,,,,,,
687,600949.0, Touch,1550.9106,527.01416,36.85913,36.85913,36.85913,36.85913,,,7.0
688,601226.0, Drop,200.0,,,,,,,,
689,601894.0, Drop,201.0,,,,,,,,
690,603239.0, Touch,205.95703,290.99487,36.909485,36.909485,36.909485,36.909485,,,7.0
691,604038.0, Fight,2390.0,,,,,,,,
692,605310.0, Drop,202.0,,,,,,,,
693,607049.0, Touch,648.9679,742.9944,36.95984,36.95984,36.95984,36.95984,,,8.0
694,607054.0, Fight,2400.0,,,,,,,,
695,607159.0, Fight,2410.0,,,,,,,,
696,607431.0, Drop,203.0,,,,,,,,
697,608982.0, Touch,647.95166,255.99242999999998,37.010193,37.010193,37.010193,37.010193,,,7.0
698,609159.0, Drop,204.0,,,,,,,,
699,609324.0, Fight,2420.0,,,,,,,,
700,609325.0, Fight,2430.0,,,,,,,,
701,609410.0, Drop,205.0,,,,,,,,
702,609654.0, Fight,2440.0,,,,,,,,
703,609991.0, Drop,206.0,,,,,,,,
704,610074.0, Fight,2450.0,,,,,,,,
705,611078.0, Touch,1065.9631,699.9829,37.060547,37.060547,37.060547,37.060547,,,6.0
706,611376.0, Drop,207.0,,,,,,,,
707,612892.0, Touch,15.98877,415.01953,37.1109,37.1109,37.1109,37.1109,,,6.0
708,614605.0, Fight,2460.0,,,,,,,,
709,615233.0, Drop,208.0,,,,,,,,
710,616330.0, Touch,863.93555,248.01636000000002,37.161255,37.161255,37.161255,37.161255,,,7.0
711,617020.0, Drop,209.0,,,,,,,,
712,617859.0, Touch,1618.9307,607.0056,37.21161,37.21161,37.21161,37.21161,,,7.0
713,618214.0, Fight,2470.0,,,,,,,,
714,618282.0, Drop,210.0,,,,,,,,
715,618508.0, Fight,2480.0,,,,,,,,
716,618732.0, Drop,211.0,,,,,,,,
717,619675.0, Touch,1448.9484,281.99707,37.261963,37.261963,37.261963,37.261963,,,6.0
718,620072.0, Fight,2490.0,,,,,,,,
719,620721.0, Fight,2500.0,,,,,,,,
720,621882.0, Touch,1195.9058,798.9917,37.312317,37.312317,37.312317,37.312317,,,6.0
721,622533.0, Drop,212.0,,,,,,,,
722,624069.0, Touch,301.9574,801.9909700000001,37.36267,37.36267,37.36267,37.36267,,,19.0
723,625268.0, Drop,213.0,,,,,,,,
724,625492.0, Fight,2510.0,,,,,,,,
725,626965.0, Touch,1718.9282,495.01099999999997,37.413025,37.413025,37.413025,37.413025,,,10.0
726,628394.0, Drop,214.0,,,,,,,,
727,629673.0, Touch,1244.9560000000001,460.9973,37.46338,37.46338,37.46338,37.46338,,,6.0
728,630039.0, Drop,215.0,,,,,,,,
729,631562.0, Touch,1687.8992,111.00586000000001,37.513733,37.513733,37.513733,37.513733,,,3.0
730,633542.0, Fight,2520.0,,,,,,,,
731,634542.0, Touch,1729.9036,830.0061,37.564087,37.564087,37.564087,37.564087,,,5.0
732,635041.0, Fight,2530.0,,,,,,,,
733,635759.0, Fight,2540.0,,,,,,,,
734,636028.0, Fight,2550.0,,,,,,,,
735,637717.0, Touch,1340.9564,228.99902000000003,37.61444,37.61444,37.61444,37.61444,,,8.0
736,637981.0, Fight,2560.0,,,,,,,,
737,638444.0, Drop,216.0,,,,,,,,
738,639540.0, Touch,577.9669,581.001,37.664795,37.664795,37.664795,37.664795,,,7.0
739,639846.0, Drop,217.0,,,,,,,,
740,639921.0, Drop,218.0,,,,,,,,
741,640435.0, Fight,2570.0,,,,,,,,
742,641291.0, Touch,1380.9283,378.99536,37.71515,37.71515,37.71515,37.71515,,,9.0
743,641887.0, Drop,219.0,,,,,,,,
744,641970.0, Drop,220.0,,,,,,,,
745,643140.0, Touch,184.95483000000002,508.9856,37.765503,37.765503,37.765503,37.765503,,,8.0
746,645050.0, Fight,2580.0,,,,,,,,
747,645739.0, Touch,1235.9454,883.9929,37.815857,37.815857,37.815857,37.815857,,,6.0
748,647802.0, Touch,1300.9167,1001.9861,37.866209999999995,37.866209999999995,37.866209999999995,37.866209999999995,,,5.0
749,648757.0, Drop,221.0,,,,,,,,
750,648926.0, Fight,2590.0,,,,,,,,
751,650121.0, Touch,1482.8906,921.9946,37.916565000000006,37.916565000000006,37.916565000000006,37.916565000000006,,,6.0
752,650360.0, Drop,222.0,,,,,,,,
753,650728.0, Fight,2600.0,,,,,,,,
754,651153.0, Fight,2610.0,,,,,,,,
755,653108.0, Touch,997.9431,1041.9983,37.96692,37.96692,37.96692,37.96692,,,9.0
756,654699.0, Drop,223.0,,,,,,,,
757,655859.0, Touch,1227.951,692.00684,38.017272999999996,38.017272999999996,38.017272999999996,38.017272999999996,,,4.0
758,656111.0, Fight,2620.0,,,,,,,,
759,657501.0, Touch,187.93579,177.0227,38.067627,38.067627,38.067627,38.067627,,,7.0
760,658093.0, Drop,224.0,,,,,,,,
761,659038.0, Fight,2630.0,,,,,,,,
762,659680.0, Fight,2640.0,,,,,,,,
763,659983.0, Drop,225.0,,,,,,,,
764,660837.0, Touch,1436.889,518.01636,38.117979999999996,38.117979999999996,38.117979999999996,38.117979999999996,,,7.0
765,661478.0, Drop,226.0,,,,,,,,
766,662462.0, Touch,727.96326,192.01904,38.168335,38.168335,38.168335,38.168335,,,4.0
767,663558.0, Fight,2650.0,,,,,,,,
768,664805.0, Touch,1019.96155,337.0056,38.21869,38.21869,38.21869,38.21869,,,7.0
769,665209.0, Drop,227.0,,,,,,,,
770,666422.0, Touch,949.90906,774.0088,38.269042999999996,38.269042999999996,38.269042999999996,38.269042999999996,,,6.0
771,666835.0, Drop,228.0,,,,,,,,
772,668637.0, Touch,491.92565999999994,872.9846,38.319396999999995,38.319396999999995,38.319396999999995,38.319396999999995,,,7.0
773,669294.0, Fight,2660.0,,,,,,,,
774,669467.0, Drop,229.0,,,,,,,,
775,669555.0, Drop,230.0,,,,,,,,
776,670035.0, Drop,231.0,,,,,,,,
777,670983.0, Touch,1190.9601,299.99268,38.36975,38.36975,38.36975,38.36975,,,4.0
778,671570.0, Fight,2670.0,,,,,,,,
779,672628.0, Touch,582.98035,654.0051,38.420105,38.420105,38.420105,38.420105,,,6.0
780,672833.0, Drop,232.0,,,,,,,,
781,673441.0, Fight,2680.0,,,,,,,,
782,676701.0, Touch,1227.951,1037.9773,38.470459999999996,38.470459999999996,38.470459999999996,38.470459999999996,,,7.0
783,677321.0, Drop,233.0,,,,,,,,
784,677494.0, Fight,2690.0,,,,,,,,
785,677672.0, Drop,234.0,,,,,,,,
786,679451.0, Touch,489.96094000000005,174.02344,38.520813000000004,38.520813000000004,38.520813000000004,38.520813000000004,,,6.0
787,680043.0, Drop,235.0,,,,,,,,
788,680043.0, Drop,236.0,,,,,,,,
789,680346.0, Fight,2700.0,,,,,,,,
790,681293.0, Fight,2710.0,,,,,,,,
791,682987.0, Touch,196.94641000000001,281.99707,38.571166999999996,38.571166999999996,38.571166999999996,38.571166999999996,,,6.0
792,684578.0, Fight,2720.0,,,,,,,,
793,685026.0, Drop,237.0,,,,,,,,
794,686282.0, Touch,1127.9535,112.02758999999999,38.621520000000004,38.621520000000004,38.621520000000004,38.621520000000004,,,3.0
795,686956.0, Fight,2730.0,,,,,,,,
796,688990.0, Touch,689.95605,492.01172,38.671875,38.671875,38.671875,38.671875,,,4.0
797,689198.0, Drop,238.0,,,,,,,,
798,690999.0, Touch,1965.8734,160.01587,38.722229999999996,38.722229999999996,38.722229999999996,38.722229999999996,,,6.0
799,692124.0, Fight,2740.0,,,,,,,,
800,693364.0, Fight,2750.0,,,,,,,,
801,694630.0, Touch,496.9391,192.01904,38.772583000000004,38.772583000000004,38.772583000000004,38.772583000000004,,,7.0
802,695092.0, Fight,2760.0,,,,,,,,
803,695658.0, Fight,2770.0,,,,,,,,
804,695795.0, Drop,239.0,,,,,,,,
805,695796.0, Fight,2780.0,,,,,,,,
806,696873.0, Touch,783.92395,637.9870599999999,38.822936999999996,38.822936999999996,38.822936999999996,38.822936999999996,,,4.0
807,697178.0, Fight,2790.0,,,,,,,,
808,698662.0, Touch,1729.9036,1057.9834,38.873290000000004,38.873290000000004,38.873290000000004,38.873290000000004,,,6.0
809,700870.0, Drop,240.0,,,,,,,,
810,702247.0, Touch,1958.8953,160.01587,38.923645,38.923645,38.923645,38.923645,,,8.0
811,704007.0, Drop,241.0,,,,,,,,
812,704530.0, Fight,2800.0,,,,,,,,
813,705518.0, Touch,661.9757,525.99243,38.974000000000004,38.974000000000004,38.974000000000004,38.974000000000004,,,7.0
814,706021.0, Fight,2810.0,,,,,,,,
815,707169.0, Touch,1176.9360000000001,778.9856,39.024353000000005,39.024353000000005,39.024353000000005,39.024353000000005,,,5.0
816,707676.0, Drop,242.0,,,,,,,,
817,708767.0, Touch,1329.9133,643.9856,39.074707000000004,39.074707000000004,39.074707000000004,39.074707000000004,,,8.0
818,709120.0, Drop,243.0,,,,,,,,
819,710866.0, Touch,1808.8989,415.01953,39.12506,39.12506,39.12506,39.12506,,,9.0
820,712573.0, Fight,2820.0,,,,,,,,
821,713613.0, Touch,1079.9194,957.98584,39.175415,39.175415,39.175415,39.175415,,,6.0
822,713988.0, Drop,244.0,,,,,,,,
823,714541.0, Drop,245.0,,,,,,,,
824,715589.0, Touch,766.91895,725.98755,39.225770000000004,39.225770000000004,39.225770000000004,39.225770000000004,,,4.0
825,716165.0, Drop,246.0,,,,,,,,
826,717165.0, Touch,1164.9445,311.00097999999997,39.276123,39.276123,39.276123,39.276123,,,6.0
827,717482.0, Fight,2830.0,,,,,,,,
828,718343.0, Touch,1135.9479,924.9939,39.326477000000004,39.326477000000004,39.326477000000004,39.326477000000004,,,6.0
829,718654.0, Drop,247.0,,,,,,,,
830,719581.0, Touch,1115.9619,927.99316,39.37683,39.37683,39.37683,39.37683,,,7.0
831,720115.0, Drop,248.0,,,,,,,,
832,721919.0, Touch,1257.8961,287.9956,39.427184999999994,39.427184999999994,39.427184999999994,39.427184999999994,,,3.0
833,722566.0, Drop,249.0,,,,,,,,
834,723475.0, Touch,1268.9392,666.0022,39.477540000000005,39.477540000000005,39.477540000000005,39.477540000000005,,,6.0
835,723961.0, Drop,250.0,,,,,,,,
836,724751.0, Touch,929.9231,942.0007300000001,39.527893,39.527893,39.527893,39.527893,,,7.0
837,725548.0, Drop,251.0,,,,,,,,
838,726065.0, Touch,398.974,761.97876,39.578247,39.578247,39.578247,39.578247,,,7.0
839,726928.0, Touch,187.93579,516.00586,39.6286,39.6286,39.6286,39.6286,,,7.0
840,728069.0, Touch,139.96948,351.01318,39.678955,39.678955,39.678955,39.678955,,,6.0
841,730050.0, Drop,252.0,,,,,,,,
842,731869.0, Touch,885.954,181.99951000000001,39.72931,39.72931,39.72931,39.72931,,,6.0
843,732108.0, Fight,2840.0,,,,,,,,
844,732525.0, Drop,253.0,,,,,,,,
845,732724.0, Drop,254.0,,,,,,,,
846,733912.0, Touch,773.96484,810.0,39.779663,39.779663,39.779663,39.779663,,,7.0
847,734492.0, Fight,2850.0,,,,,,,,
848,734695.0, Drop,255.0,,,,,,,,
849,735879.0, Touch,401.95496,419.00757000000004,39.830017,39.830017,39.830017,39.830017,,,7.0
850,736467.0, Fight,2860.0,,,,,,,,
851,736558.0, Drop,256.0,,,,,,,,
852,737006.0, Drop,257.0,,,,,,,,
853,737288.0, Fight,2870.0,,,,,,,,
854,739057.0, Touch,1609.92,60.01831,39.88037,39.88037,39.88037,39.88037,,,6.0
855,739454.0, Fight,2880.0,,,,,,,,
856,740132.0, Fight,2890.0,,,,,,,,
857,740807.0, Fight,2900.0,,,,,,,,
858,740901.0, Drop,258.0,,,,,,,,
859,741092.0, Fight,2910.0,,,,,,,,
860,741093.0, Fight,2920.0,,,,,,,,
861,743209.0, Touch,103.99475,572.0032,39.930725,39.930725,39.930725,39.930725,,,7.0
862,743388.0, Drop,259.0,,,,,,,,
863,744997.0, Drop,260.0,,,,,,,,
864,745075.0, Drop,261.0,,,,,,,,
865,746526.0, Touch,1698.9423,252.99316000000002,39.98108,39.98108,39.98108,39.98108,,,4.0
866,748128.0, Drop,262.0,,,,,,,,
867,748773.0, Touch,1190.9601,178.01147,40.031433,40.031433,40.031433,40.031433,,,6.0
868,748795.0, Fight,2930.0,,,,,,,,
869,749359.0, Fight,2940.0,,,,,,,,
870,750343.0, Touch,434.94872999999995,701.9934,40.081787,40.081787,40.081787,40.081787,,,7.0
871,750976.0, Fight,2950.0,,,,,,,,
872,751392.0, Drop,263.0,,,,,,,,
873,752598.0, Touch,1468.9343,103.029785,40.13214,40.13214,40.13214,40.13214,,,7.0
874,753945.0, Drop,264.0,,,,,,,,
875,755144.0, Touch,1905.9155,424.01732999999996,40.182495,40.182495,40.182495,40.182495,,,5.0
876,755341.0, Drop,265.0,,,,,,,,
877,757174.0, Drop,266.0,,,,,,,,
878,758549.0, Touch,1678.8885,701.9934,40.23285,40.23285,40.23285,40.23285,,,7.0
879,758635.0, Fight,2960.0,,,,,,,,
880,759027.0, Fight,2970.0,,,,,,,,
881,759592.0, Fight,2980.0,,,,,,,,
882,759943.0, Fight,2990.0,,,,,,,,
883,760111.0, Drop,267.0,,,,,,,,
884,761578.0, Touch,1854.9005,257.01416,40.283203,40.283203,40.283203,40.283203,,,7.0
885,762391.0, Drop,268.0,,,,,,,,
886,763323.0, Fight,3000.0,,,,,,,,
887,764465.0, Touch,977.95715,1026.969,40.333557,40.333557,40.333557,40.333557,,,6.0
888,764825.0, Fight,3010.0,,,,,,,,
889,765441.0, Drop,269.0,,,,,,,,
890,765610.0, Drop,270.0,,,,,,,,
891,766559.0, Touch,980.9381,974.9927,40.38391,40.38391,40.38391,40.38391,,,6.0
892,766694.0, Fight,3020.0,,,,,,,,
893,767462.0, Fight,3030.0,,,,,,,,
894,768801.0, Touch,1366.9043,625.99,40.434265,40.434265,40.434265,40.434265,,,8.0
895,769470.0, Drop,271.0,,,,,,,,
896,771205.0, Touch,480.95032000000003,1054.9841,40.48462,40.48462,40.48462,40.48462,,,7.0
897,773068.0, Fight,3040.0,,,,,,,,
898,774076.0, Touch,560.9619,870.9741,40.534973,40.534973,40.534973,40.534973,,,8.0
899,774888.0, Drop,272.0,,,,,,,,
900,777088.0, Touch,31.97754,202.99438,40.585327,40.585327,40.585327,40.585327,,,7.0
901,778046.0, Fight,3050.0,,,,,,,,
902,779496.0, Fight,3060.0,,,,,,,,
903,779938.0, Drop,273.0,,,,,,,,
904,781160.0, Touch,807.97485,846.98,40.63568,40.63568,40.63568,40.63568,,,6.0
905,781761.0, Fight,3070.0,,,,,,,,
906,783071.0, Touch,391.9281,583.0115,40.686035,40.686035,40.686035,40.686035,,,8.0
907,784477.0, Drop,274.0,,,,,,,,
908,785295.0, Touch,1704.9042,252.99316000000002,40.73639,40.73639,40.73639,40.73639,,,6.0
909,786779.0, Drop,275.0,,,,,,,,
910,787958.0, Touch,743.952,278.9978,40.786743,40.786743,40.786743,40.786743,,,6.0
911,788832.0, Drop,276.0,,,,,,,,
912,791485.0, Touch,1175.9198,151.01807,40.837097,40.837097,40.837097,40.837097,,,6.0
913,791561.0, Drop,277.0,,,,,,,,
914,792172.0, Fight,3080.0,,,,,,,,
915,793428.0, Touch,1127.9535,193.99658,40.88745,40.88745,40.88745,40.88745,,,7.0
916,793574.0, Fight,3090.0,,,,,,,,
917,794260.0, Drop,278.0,,,,,,,,
918,795045.0, Touch,1380.9283,313.01147000000003,40.937805,40.937805,40.937805,40.937805,,,6.0
919,795509.0, Fight,3100.0,,,,,,,,
920,795873.0, Fight,3110.0,,,,,,,,
921,797547.0, Touch,940.9662,225.99976,40.98816,40.98816,40.98816,40.98816,,,6.0
922,798159.0, Drop,279.0,,,,,,,,
923,798241.0, Drop,280.0,,,,,,,,
924,799189.0, Touch,1681.9373,745.99365,41.038513,41.038513,41.038513,41.038513,,,6.0
925,800521.0, Fight,3120.0,,,,,,,,
926,802247.0, Touch,1552.9431,357.01172,41.088867,41.088867,41.088867,41.088867,,,5.0
927,803745.0, Drop,281.0,,,,,,,,
928,804385.0, Touch,1735.9332,577.0129400000001,41.13922,41.13922,41.13922,41.13922,,,16.0
929,805346.0, Drop,282.0,,,,,,,,
930,807069.0, Touch,137.93701000000001,818.9978,41.189575,41.189575,41.189575,41.189575,,,7.0
931,808283.0, Drop,283.0,,,,,,,,
932,809311.0, Fight,3130.0,,,,,,,,
933,810352.0, Touch,147.96387,804.99023,41.23993,41.23993,41.23993,41.23993,,,5.0
934,811278.0, Drop,284.0,,,,,,,,
935,811611.0, Drop,285.0,,,,,,,,
936,812499.0, Drop,286.0,,,,,,,,
937,815427.0, Touch,1871.9055,1003.9966,41.290283,41.290283,41.290283,41.290283,,,6.0
938,815638.0, Fight,3140.0,,,,,,,,
939,816160.0, Fight,3150.0,,,,,,,,
940,817040.0, Fight,3160.0,,,,,,,,
941,817041.0, Fight,3170.0,,,,,,,,
942,817527.0, Drop,287.0,,,,,,,,
943,819303.0, Touch,1971.9031,237.00806,41.340637,41.340637,41.340637,41.340637,,,6.0
944,821809.0, Fight,3180.0,,,,,,,,
945,823258.0, Touch,1459.9237,583.0115,41.39099,41.39099,41.39099,41.39099,,,7.0
946,823339.0, Fight,3190.0,,,,,,,,
947,823841.0, Fight,3200.0,,,,,,,,
948,825326.0, Touch,933.9203,225.01099,41.441345,41.441345,41.441345,41.441345,,,6.0
949,825980.0, Drop,288.0,,,,,,,,
950,827304.0, Touch,608.9282,578.0017,41.4917,41.4917,41.4917,41.4917,,,8.0
951,827812.0, Drop,289.0,,,,,,,,
952,828230.0, Fight,3210.0,,,,,,,,
953,829316.0, Touch,1087.9138,143.00903,41.542053,41.542053,41.542053,41.542053,,,5.0
954,829934.0, Fight,3220.0,,,,,,,,
955,831843.0, Touch,5.961914,722.9883,41.592407,41.592407,41.592407,41.592407,,,7.0
956,832345.0, Fight,3230.0,,,,,,,,
957,834787.0, Fight,3240.0,,,,,,,,
958,836289.0, Touch,1389.9389999999999,974.9927,41.642759999999996,41.642759999999996,41.642759999999996,41.642759999999996,,,5.0
959,837249.0, Fight,3250.0,,,,,,,,
960,838520.0, Touch,1056.9525,924.9939,41.693115,41.693115,41.693115,41.693115,,,8.0
961,839264.0, Drop,290.0,,,,,,,,
962,840851.0, Touch,0.0,510.00732,41.74347,41.74347,41.74347,41.74347,,,3.0
963,842767.0, Drop,291.0,,,,,,,,
964,843357.0, Drop,292.0,,,,,,,,
965,843358.0, Fight,3260.0,,,,,,,,
966,843461.0, Drop,293.0,,,,,,,,
967,844501.0, Touch,502.96875,240.00732000000002,41.793822999999996,41.793822999999996,41.793822999999996,41.793822999999996,,,7.0
968,844610.0, Fight,3270.0,,,,,,,,
969,845560.0, Fight,3280.0,,,,,,,,
970,846628.0, Touch,787.92114,555.9851,41.844177,41.844177,41.844177,41.844177,,,8.0
971,846890.0, Fight,3290.0,,,,,,,,
972,848395.0, Touch,1706.9366,933.0029,41.894529999999996,41.894529999999996,41.894529999999996,41.894529999999996,,,6.0
973,848694.0, Drop,294.0,,,,,,,,
974,849359.0, Fight,3300.0,,,,,,,,
975,850430.0, Drop,295.0,,,,,,,,
976,851637.0, Touch,1792.9102,792.99316,41.944885,41.944885,41.944885,41.944885,,,5.0
977,853128.0, Drop,296.0,,,,,,,,
978,854041.0, Touch,787.92114,963.9844,41.99524,41.99524,41.99524,41.99524,,,6.0
979,854842.0, Drop,297.0,,,,,,,,
980,855061.0, Drop,298.0,,,,,,,,
981,856762.0, Touch,1941.8903,381.99463,42.045593,42.045593,42.045593,42.045593,,,9.0
982,856929.0, Fight,3310.0,,,,,,,,
983,858725.0, Drop,299.0,,,,,,,,
984,858904.0, Fight,3320.0,,,,,,,,
985,859549.0, Touch,1317.9218,375.9961,42.095946999999995,42.095946999999995,42.095946999999995,42.095946999999995,,,8.0
986,860010.0, Fight,3330.0,,,,,,,,
987,860912.0, Touch,1627.9413,639.9975599999999,42.1463,42.1463,42.1463,42.1463,,,7.0
988,861354.0, Fight,3340.0,,,,,,,,
989,861511.0, Drop,300.0,,,,,,,,
990,861994.0, Drop,301.0,,,,,,,,
991,863101.0, Touch,994.9621599999999,87.01172,42.196655,42.196655,42.196655,42.196655,,,11.0
992,864483.0, Fight,3350.0,,,,,,,,
993,865684.0, Touch,326.9568,443.99048,42.247009999999996,42.247009999999996,42.247009999999996,42.247009999999996,,,11.0
994,866142.0, Fight,3360.0,,,,,,,,
995,866310.0, Drop,302.0,,,,,,,,
996,866662.0, Drop,303.0,,,,,,,,
997,867189.0, Drop,304.0,,,,,,,,
998,868583.0, Touch,702.96387,162.02637,42.297363,42.297363,42.297363,42.297363,,,8.0
999,869509.0, Fight,3370.0,,,,,,,,
1000,870974.0, Touch,1379.9121,286.01807,42.347716999999996,42.347716999999996,42.347716999999996,42.347716999999996,,,6.0
1001,871578.0, Drop,305.0,,,,,,,,
1002,871784.0, Fight,3380.0,,,,,,,,
1003,873490.0, Touch,1161.9635,863.9868,42.398070000000004,42.398070000000004,42.398070000000004,42.398070000000004,,,6.0
1004,874052.0, Drop,306.0,,,,,,,,
1005,874890.0, Touch,1612.901,580.0122,42.448425,42.448425,42.448425,42.448425,,,5.0
1006,875895.0, Fight,3390.0,,,,,,,,
1007,876658.0, Touch,926.94214,15.029297,42.49878,42.49878,42.49878,42.49878,,,7.0
1008,878732.0, Touch,736.9739,270.0,42.549133000000005,42.549133000000005,42.549133000000005,42.549133000000005,,,7.0
1009,879453.0, Fight,3400.0,,,,,,,,
1010,880738.0, Touch,124.9292,704.9927,42.599486999999996,42.599486999999996,42.599486999999996,42.599486999999996,,,7.0
1011,882990.0, Fight,3410.0,,,,,,,,
1012,883786.0, Touch,292.94678,602.9846,42.649840000000005,42.649840000000005,42.649840000000005,42.649840000000005,,,6.0
1013,885291.0, Drop,307.0,,,,,,,,
1014,885291.0, Drop,308.0,,,,,,,,
1015,885468.0, Fight,3420.0,,,,,,,,
1016,886857.0, Touch,303.98987,639.9975599999999,42.700195,42.700195,42.700195,42.700195,,,6.0
1017,888052.0, Fight,3430.0,,,,,,,,
1018,888390.0, Drop,309.0,,,,,,,,
1019,889901.0, Touch,1939.9255,162.02637,42.75055,42.75055,42.75055,42.75055,,,5.0
1020,891904.0, Drop,310.0,,,,,,,,
1021,892623.0, Drop,311.0,,,,,,,,
1022,894219.0, Touch,2002.9321,522.99316,42.800903000000005,42.800903000000005,42.800903000000005,42.800903000000005,,,7.0
1023,894774.0, Fight,3440.0,,,,,,,,
1024,895716.0, Fight,3450.0,,,,,,,,
1025,896999.0, Touch,1670.8942,917.9736300000001,42.851257000000004,42.851257000000004,42.851257000000004,42.851257000000004,,,9.0
1026,897020.0, Fight,3460.0,,,,,,,,
1027,898680.0, Fight,3470.0,,,,,,,,
1028,899446.0, Touch,1465.9534,202.99438,42.90161,42.90161,42.90161,42.90161,,,9.0
1029,900311.0, Drop,312.0,,,,,,,,
1030,903328.0, Touch,113.95386,950.99854,42.951965,42.951965,42.951965,42.951965,,,6.0
1031,906026.0, Drop,313.0,,,,,,,,
1032,907312.0, Touch,973.9599599999999,952.9761,43.002320000000005,43.002320000000005,43.002320000000005,43.002320000000005,,,7.0
1033,908079.0, Fight,3480.0,,,,,,,,
1034,908412.0, Drop,314.0,,,,,,,,
1035,909769.0, Touch,1172.9388,1008.9734,43.052673,43.052673,43.052673,43.052673,,,9.0
1036,909867.0, Drop,315.0,,,,,,,,
1037,910620.0, Fight,3490.0,,,,,,,,
1038,911336.0, Touch,1024.9072,921.9946,43.103027000000004,43.103027000000004,43.103027000000004,43.103027000000004,,,5.0
1039,911508.0, Drop,316.0,,,,,,,,
1040,911848.0, Drop,317.0,,,,,,,,
1041,913087.0, Touch,1410.9412,465.0183,43.15338,43.15338,43.15338,43.15338,,,5.0
1042,913586.0, Fight,3500.0,,,,,,,,
1043,914864.0, Touch,1460.94,187.99805,43.203734999999995,43.203734999999995,43.203734999999995,43.203734999999995,,,6.0
1044,915895.0, Fight,3510.0,,,,,,,,
1045,917654.0, Touch,14.972534,963.9844,43.254090000000005,43.254090000000005,43.254090000000005,43.254090000000005,,,6.0
1046,920622.0, Fight,3520.0,,,,,,,,
1047,921791.0, Touch,238.9508,533.0127,43.304443,43.304443,43.304443,43.304443,,,13.0
1048,924110.0, Drop,318.0,,,,,,,,
1049,925543.0, Touch,624.9169999999999,654.9939,43.354797,43.354797,43.354797,43.354797,,,5.0
1050,925563.0, Fight,3530.0,,,,,,,,
1051,926189.0, Fight,3540.0,,,,,,,,
1052,927313.0, Touch,945.9118699999999,262.02393,43.40515,43.40515,43.40515,43.40515,,,6.0
1053,927650.0, Fight,3550.0,,,,,,,,
1054,928815.0, Touch,1346.9183,624.01245,43.455505,43.455505,43.455505,43.455505,,,7.0
1055,929172.0, Fight,3560.0,,,,,,,,
1056,929887.0, Touch,1078.9032,178.01147,43.50586,43.50586,43.50586,43.50586,,,5.0
1057,930405.0, Fight,3570.0,,,,,,,,
1058,931543.0, Touch,224.92676,648.0066,43.556213,43.556213,43.556213,43.556213,,,8.0
1059,932082.0, Fight,3580.0,,,,,,,,
1060,933145.0, Drop,319.0,,,,,,,,
1061,933145.0, Drop,320.0,,,,,,,,
1062,933146.0, Fight,3590.0,,,,,,,,
1063,933634.0, Fight,3600.0,,,,,,,,
1064,934648.0, Touch,1586.8854,30.025634999999998,43.606567,43.606567,43.606567,43.606567,,,5.0
1065,936493.0, Fight,3610.0,,,,,,,,
1066,937807.0, Touch,1774.8889,599.98535,43.65692,43.65692,43.65692,43.65692,,,6.0
1067,939293.0, Fight,3620.0,,,,,,,,
1068,939543.0, Drop,321.0,,,,,,,,
1069,941277.0, Touch,1979.8975,157.0166,43.707275,43.707275,43.707275,43.707275,,,6.0
1070,942077.0, Drop,322.0,,,,,,,,
1071,942235.0, Fight,3630.0,,,,,,,,
1072,943248.0, Fight,3640.0,,,,,,,,
1073,943771.0, Fight,3650.0,,,,,,,,
1074,944079.0, Drop,323.0,,,,,,,,
1075,945233.0, Touch,1440.954,40.012207000000004,43.75763,43.75763,43.75763,43.75763,,,9.0
1076,946552.0, Fight,3660.0,,,,,,,,
1077,947605.0, Touch,57.993164,783.0066,43.807983,43.807983,43.807983,43.807983,,,6.0
1078,951533.0, Touch,80.96008,508.9856,43.858337,43.858337,43.858337,43.858337,,,6.0
1079,951807.0, Fight,3670.0,,,,,,,,
1080,952474.0, Drop,324.0,,,,,,,,
1081,953160.0, Fight,3680.0,,,,,,,,
1082,953465.0, Drop,325.0,,,,,,,,
1083,953703.0, Drop,326.0,,,,,,,,
1084,954065.0, Fight,3690.0,,,,,,,,
1085,955541.0, Touch,605.94727,489.01245,43.90869,43.90869,43.90869,43.90869,,,6.0
1086,955719.0, Fight,3700.0,,,,,,,,
1087,956065.0, Fight,3710.0,,,,,,,,
1088,957447.0, Touch,1082.9004,375.9961,43.959045,43.959045,43.959045,43.959045,,,7.0
1089,957544.0, Drop,327.0,,,,,,,,
1090,958692.0, Touch,1457.8912,859.9988,44.0094,44.0094,44.0094,44.0094,,,5.0
1091,959994.0, Drop,328.0,,,,,,,,
1092,961406.0, Touch,866.9165,799.98047,44.059753,44.059753,44.059753,44.059753,,,6.0
1093,961991.0, Fight,3720.0,,,,,,,,
1094,963428.0, Touch,2039.9231,87.01172,44.110107,44.110107,44.110107,44.110107,,,13.0
