1548521104, 957, 0.0, 1286.9604, 310.0122, 24.27063, 24.27063
1548521106, 752, 2.0, 1661.8835, 901.9885, 24.320984, 24.320984
1548521106, 758, 0.0, 1661.8835, 901.9885, 24.320984, 24.320984
1548521109, 579, 2.0, 1496.9147, 433.01514, 24.371338, 24.371338
1548521109, 586, 0.0, 1496.9147, 433.01514, 24.371338, 24.371338
1548521111, 97, 2.0, 1524.895, 731.9861, 24.421692, 24.421692
1548521111, 102, 0.0, 1524.895, 731.9861, 24.421692, 24.421692
1548521112, 906, 2.0, 1305.9302, 421.01807, 24.472046, 24.472046
1548521112, 916, 0.0, 1305.9302, 421.01807, 24.472046, 24.472046
1548521114, 700, 2.0, 1612.901, 787.9834, 24.5224, 24.5224
1548521114, 706, 0.0, 1612.901, 787.9834, 24.5224, 24.5224
1548521117, 51, 2.0, 1176.936, 84.01245, 24.572754, 24.572754
1548521117, 56, 0.0, 1176.936, 84.01245, 24.572754, 24.572754
1548521118, 380, 2.0, 633.9276, 534.99023, 24.623108, 24.623108
1548521118, 390, 0.0, 633.9276, 534.99023, 24.623108, 24.623108
1548521119, 416, 2.0, 752.96265, 137.99927, 24.673462, 24.673462
1548521119, 423, 0.0, 752.96265, 137.99927, 24.673462, 24.673462
1548521121, 341, 2.0, 554.93225, 595.00854, 24.723816, 24.723816
1548521121, 345, 0.0, 554.93225, 595.00854, 24.723816, 24.723816
1548521123, 488, 2.0, 202.97607, 903.999, 24.77417, 24.77417
1548521123, 495, 0.0, 202.97607, 903.999, 24.77417, 24.77417
1548521126, 586, 2.0, 307.98706, 1020.97046, 24.824524, 24.824524
1548521126, 592, 0.0, 307.98706, 1020.97046, 24.824524, 24.824524
1548521129, 580, 2.0, 1891.8915, 839.9927, 24.874878, 24.874878
1548521129, 586, 0.0, 1891.8915, 839.9927, 24.874878, 24.874878
1548521132, 762, 2.0, 841.9171, 355.99, 24.925232, 24.925232
1548521132, 767, 0.0, 841.9171, 355.99, 24.925232, 24.925232
1548521134, 124, 2.0, 1394.9524, 680.00977, 24.975586, 24.975586
1548521134, 129, 0.0, 1394.9524, 680.00977, 24.975586, 24.975586
1548521136, 146, 2.0, 1873.938, 667.97974, 25.02594, 25.02594
1548521136, 154, 0.0, 1873.938, 667.97974, 25.02594, 25.02594
1548521139, 346, 2.0, 1167.9254, 504.0088, 25.076294, 25.076294
1548521139, 355, 0.0, 1167.9254, 504.0088, 25.076294, 25.076294
1548521141, 485, 2.0, 1714.931, 799.98047, 25.126648, 25.126648
1548521141, 491, 0.0, 1714.931, 799.98047, 25.126648, 25.126648
1548521144, 341, 2.0, 462.92908, 584.00024, 25.177002, 25.177002
1548521144, 347, 0.0, 462.92908, 584.00024, 25.177002, 25.177002
1548521146, 948, 2.0, 1064.9469, 763.0005, 25.227356, 25.227356
1548521146, 956, 0.0, 1064.9469, 763.0005, 25.227356, 25.227356
1548521148, 261, 2.0, 1303.8977, 378.0066, 25.27771, 25.27771
1548521148, 269, 0.0, 1303.8977, 378.0066, 25.27771, 25.27771
1548521150, 214, 2.0, 1548.9459, 393.9917, 25.328064, 25.328064
1548521150, 219, 0.0, 1548.9459, 393.9917, 25.328064, 25.328064
1548521153, 174, 2.0, 665.9729, 126.0022, 25.378418, 25.378418
1548521153, 178, 0.0, 665.9729, 126.0022, 25.378418, 25.378418
1548521155, 485, 2.0, 821.93115, 281.99707, 25.428772, 25.428772
1548521155, 491, 0.0, 821.93115, 281.99707, 25.428772, 25.428772
1548521157, 624, 2.0, 324.92432, 552.98584, 25.479126, 25.479126
1548521157, 629, 0.0, 324.92432, 552.98584, 25.479126, 25.479126
1548521160, 564, 2.0, 1289.9414, 243.00659, 25.52948, 25.52948
1548521160, 571, 0.0, 1289.9414, 243.00659, 25.52948, 25.52948
1548521163, 17, 2.0, 1675.9076, 461.98608, 25.579834, 25.579834
1548521163, 22, 0.0, 1675.9076, 461.98608, 25.579834, 25.579834
1548521165, 256, 2.0, 1281.947, 730.9973, 25.630188, 25.630188
1548521165, 261, 0.0, 1281.947, 730.9973, 25.630188, 25.630188
1548521166, 749, 2.0, 1218.9404, 26.004639, 25.680542, 25.680542
1548521166, 757, 0.0, 1218.9404, 26.004639, 25.680542, 25.680542
1548521169, 17, 2.0, 1027.9559, 415.01953, 25.730896, 25.730896
1548521169, 22, 0.0, 1027.9559, 415.01953, 25.730896, 25.730896
1548521170, 50, 2.0, 290.98206, 572.0032, 25.78125, 25.78125
1548521170, 57, 0.0, 290.98206, 572.0032, 25.78125, 25.78125
1548521172, 144, 2.0, 355.95337, 786.00586, 25.831604, 25.831604
1548521172, 149, 0.0, 355.95337, 786.00586, 25.831604, 25.831604
1548521174, 227, 2.0, 312.93274, 277.02026, 25.881958, 25.881958
1548521174, 241, 0.0, 312.93274, 277.02026, 25.881958, 25.881958
1548521176, 984, 2.0, 221.9458, 761.97876, 25.932312, 25.932312
1548521176, 992, 0.0, 221.9458, 761.97876, 25.932312, 25.932312
1548521180, 17, 2.0, 1127.9535, 995.98755, 25.982666, 25.982666
1548521180, 25, 0.0, 1127.9535, 995.98755, 25.982666, 25.982666
1548521181, 993, 2.0, 1260.9448, 994.9988, 26.03302, 26.03302
1548521181, 998, 0.0, 1260.9448, 994.9988, 26.03302, 26.03302
1548521184, 658, 2.0, 1681.9373, 1011.97266, 26.083374, 26.083374
1548521184, 664, 0.0, 1681.9373, 1011.97266, 26.083374, 26.083374
1548521188, 319, 2.0, 239.96704, 677.0105, 26.133728, 26.133728
1548521188, 326, 0.0, 239.96704, 677.0105, 26.133728, 26.133728
1548521191, 773, 2.0, 1153.9014, 413.00903, 26.184082, 26.184082
1548521191, 777, 0.0, 1153.9014, 413.00903, 26.184082, 26.184082
1548521193, 417, 2.0, 878.9081, 657.0044, 26.234436, 26.234436
1548521193, 424, 0.0, 878.9081, 657.0044, 26.234436, 26.234436
1548521194, 340, 2.0, 1714.931, 640.9863, 26.28479, 26.28479
1548521194, 344, 0.0, 1714.931, 640.9863, 26.28479, 26.28479
1548521196, 405, 2.0, 1354.9127, 449.989, 26.335144, 26.335144
1548521196, 411, 0.0, 1354.9127, 449.989, 26.335144, 26.335144
1548521197, 979, 2.0, 1485.9393, 592.0093, 26.385498, 26.385498
1548521197, 985, 0.0, 1485.9393, 592.0093, 26.385498, 26.385498
1548521199, 797, 2.0, 1090.9625, 425.0061, 26.435852, 26.435852
1548521199, 803, 0.0, 1090.9625, 425.0061, 26.435852, 26.435852
1548521201, 179, 2.0, 1178.9008, 469.99512, 26.486206, 26.486206
1548521201, 184, 0.0, 1178.9008, 469.99512, 26.486206, 26.486206
1548521202, 461, 2.0, 428.98682, 371.0193, 26.53656, 26.53656
1548521202, 467, 0.0, 428.98682, 371.0193, 26.53656, 26.53656
1548521205, 372, 2.0, 1323.9514, 421.01807, 26.586914, 26.586914
1548521205, 381, 0.0, 1323.9514, 421.01807, 26.586914, 26.586914
1548521206, 477, 2.0, 1226.9348, 396.0022, 26.637268, 26.637268
1548521206, 484, 0.0, 1226.9348, 396.0022, 26.637268, 26.637268
1548521207, 759, 2.0, 357.98584, 619.99146, 26.687622, 26.687622
1548521207, 765, 0.0, 357.98584, 619.99146, 26.687622, 26.687622
1548521211, 472, 2.0, 922.94495, 915.9961, 26.737976, 26.737976
1548521211, 480, 0.0, 922.94495, 915.9961, 26.737976, 26.737976
1548521213, 516, 2.0, 863.93555, 415.01953, 26.78833, 26.78833
1548521213, 520, 0.0, 863.93555, 415.01953, 26.78833, 26.78833
1548521214, 727, 2.0, 916.9153, 614.9817, 26.838684, 26.838684
1548521214, 736, 0.0, 916.9153, 614.9817, 26.838684, 26.838684
1548521215, 848, 2.0, 991.91345, 293.99414, 26.889038, 26.889038
1548521215, 854, 0.0, 991.91345, 293.99414, 26.889038, 26.889038
1548521217, 780, 2.0, 1419.9518, 108.00659, 26.939392, 26.939392
1548521217, 789, 0.0, 1419.9518, 108.00659, 26.939392, 26.939392
1548521220, 986, 2.0, 1704.9042, 589.9988, 26.989746, 26.989746
1548521220, 991, 0.0, 1704.9042, 589.9988, 26.989746, 26.989746
1548521223, 865, 2.0, 631.9629, 96.99829, 27.0401, 27.0401
1548521223, 871, 0.0, 631.9629, 96.99829, 27.0401, 27.0401
1548521226, 500, 2.0, 352.9724, 950.99854, 27.090454, 27.090454
1548521226, 506, 0.0, 352.9724, 950.99854, 27.090454, 27.090454
1548521229, 430, 2.0, 980.9381, 275.99854, 27.140808, 27.140808
1548521229, 433, 0.0, 980.9381, 275.99854, 27.140808, 27.140808
1548521230, 793, 2.0, 1482.8906, 460.9973, 27.191162, 27.191162
1548521230, 801, 0.0, 1482.8906, 460.9973, 27.191162, 27.191162
1548521232, 810, 2.0, 417.94373, 313.01147, 27.241516, 27.241516
1548521232, 816, 0.0, 417.94373, 313.01147, 27.241516, 27.241516
1548521235, 908, 2.0, 1620.8954, 32.003174, 27.29187, 27.29187
1548521235, 912, 0.0, 1620.8954, 32.003174, 27.29187, 27.29187
1548521238, 963, 2.0, 1666.897, 918.99536, 27.342224, 27.342224
1548521238, 967, 0.0, 1666.897, 918.99536, 27.342224, 27.342224
1548521241, 725, 2.0, 624.917, 883.9929, 27.392578, 27.392578
1548521241, 733, 0.0, 624.917, 883.9929, 27.392578, 27.392578
1548521244, 298, 2.0, 570.921, 111.00586, 27.442932, 27.442932
1548521244, 305, 0.0, 570.921, 111.00586, 27.442932, 27.442932
1548521246, 858, 2.0, 1837.8955, 614.9817, 27.493286, 27.493286
1548521246, 865, 0.0, 1837.8955, 614.9817, 27.493286, 27.493286
1548521248, 695, 2.0, 1757.8839, 493.0005, 27.54364, 27.54364
1548521248, 706, 0.0, 1757.8839, 493.0005, 27.54364, 27.54364
1548521252, 36, 2.0, 1749.8895, 311.00098, 27.593994, 27.593994
1548521252, 40, 0.0, 1749.8895, 311.00098, 27.593994, 27.593994
1548521254, 714, 2.0, 1572.9291, 601.0071, 27.644348, 27.644348
1548521254, 720, 0.0, 1572.9291, 601.0071, 27.644348, 27.644348
1548521257, 149, 2.0, 408.9331, 983.9905, 27.694702, 27.694702
1548521257, 157, 0.0, 408.9331, 983.9905, 27.694702, 27.694702
1548521260, 155, 2.0, 1045.9094, 290.0061, 27.745056, 27.745056
1548521260, 162, 0.0, 1045.9094, 290.0061, 27.745056, 27.745056
1548521261, 884, 2.0, 389.96338, 599.98535, 27.79541, 27.79541
1548521261, 891, 0.0, 389.96338, 599.98535, 27.79541, 27.79541
1548521264, 660, 2.0, 1535.9381, 893.9795, 27.845764, 27.845764
1548521264, 668, 0.0, 1535.9381, 893.9795, 27.845764, 27.845764
1548521267, 7, 2.0, 1468.9343, 548.9978, 27.896118, 27.896118
1548521267, 13, 0.0, 1468.9343, 548.9978, 27.896118, 27.896118
1548521269, 68, 2.0, 568.9563, 216.01318, 27.946472, 27.946472
1548521269, 75, 0.0, 568.9563, 216.01318, 27.946472, 27.946472
1548521271, 443, 2.0, 670.9186, 881.9824, 27.996826, 27.996826
1548521271, 452, 0.0, 670.9186, 881.9824, 27.996826, 27.996826
1548521273, 978, 2.0, 1697.926, 1030.0012, 28.04718, 28.04718
1548521273, 986, 0.0, 1697.926, 1030.0012, 28.04718, 28.04718
1548521277, 69, 2.0, 1433.9081, 586.01074, 28.097534, 28.097534
1548521277, 75, 0.0, 1433.9081, 586.01074, 28.097534, 28.097534
1548521279, 107, 2.0, 1068.9441, 1021.9922, 28.147888, 28.147888
1548521279, 114, 0.0, 1068.9441, 1021.9922, 28.147888, 28.147888
1548521280, 956, 2.0, 1283.9117, 527.01416, 28.198242, 28.198242
1548521280, 963, 0.0, 1283.9117, 527.01416, 28.198242, 28.198242
1548521282, 566, 2.0, 253.99109, 319.99878, 28.248596, 28.248596
1548521282, 572, 0.0, 253.99109, 319.99878, 28.248596, 28.248596
1548521286, 808, 2.0, 1201.9354, 701.9934, 28.29895, 28.29895
1548521286, 814, 0.0, 1201.9354, 701.9934, 28.29895, 28.29895
1548521288, 501, 2.0, 349.9237, 640.9863, 28.349304, 28.349304
1548521288, 506, 0.0, 349.9237, 640.9863, 28.349304, 28.349304
1548521291, 248, 2.0, 655.94604, 120.00366, 28.399658, 28.399658
1548521291, 254, 0.0, 655.94604, 120.00366, 28.399658, 28.399658
1548521293, 655, 2.0, 1570.8966, 563.0054, 28.450012, 28.450012
1548521293, 660, 0.0, 1570.8966, 563.0054, 28.450012, 28.450012
1548521296, 125, 2.0, 361.98303, 895.99, 28.500366, 28.500366
1548521296, 131, 0.0, 361.98303, 895.99, 28.500366, 28.500366
1548521299, 923, 2.0, 36.990967, 657.0044, 28.55072, 28.55072
1548521299, 928, 0.0, 36.990967, 657.0044, 28.55072, 28.55072
1548521303, 468, 2.0, 1470.899, 96.99829, 28.601074, 28.601074
1548521303, 474, 0.0, 1470.899, 96.99829, 28.601074, 28.601074
1548521305, 864, 2.0, 1000.9241, 231.00952, 28.651428, 28.651428
1548521305, 871, 0.0, 1000.9241, 231.00952, 28.651428, 28.651428
1548521307, 211, 2.0, 511.97937, 378.0066, 28.701782, 28.701782
1548521307, 217, 0.0, 511.97937, 378.0066, 28.701782, 28.701782
1548521310, 18, 2.0, 1644.9463, 149.00757, 28.752136, 28.752136
1548521310, 23, 0.0, 1644.9463, 149.00757, 28.752136, 28.752136
1548521311, 882, 2.0, 1369.953, 602.9846, 28.80249, 28.80249
1548521311, 889, 0.0, 1369.953, 602.9846, 28.80249, 28.80249
1548521313, 575, 2.0, 763.938, 160.01587, 28.852844, 28.852844
1548521313, 581, 0.0, 763.938, 160.01587, 28.852844, 28.852844
1548521315, 790, 2.0, 1731.936, 254.0149, 28.903198, 28.903198
1548521315, 795, 0.0, 1731.936, 254.0149, 28.903198, 28.903198
1548521318, 644, 2.0, 1073.9575, 795.99243, 28.953552, 28.953552
1548521318, 652, 0.0, 1073.9575, 795.99243, 28.953552, 28.953552
1548521320, 658, 2.0, 564.9591, 796.9812, 29.003906, 29.003906
1548521320, 664, 0.0, 564.9591, 796.9812, 29.003906, 29.003906
1548521323, 166, 2.0, 540.97595, 833.99414, 29.05426, 29.05426
1548521323, 173, 0.0, 540.97595, 833.99414, 29.05426, 29.05426
1548521325, 341, 2.0, 1105.935, 812.99927, 29.104614, 29.104614
1548521325, 347, 0.0, 1105.935, 812.99927, 29.104614, 29.104614
1548521326, 806, 2.0, 701.94763, 630.99976, 29.154968, 29.154968
1548521326, 813, 0.0, 701.94763, 630.99976, 29.154968, 29.154968
1548521328, 416, 2.0, 993.9459, 74.02588, 29.205322, 29.205322
1548521328, 418, 0.0, 993.9459, 74.02588, 29.205322, 29.205322
1548521330, 879, 2.0, 1071.925, 165.02563, 29.255676, 29.255676
1548521330, 887, 0.0, 1071.925, 165.02563, 29.255676, 29.255676
1548521332, 559, 2.0, 1088.93, 299.0039, 29.30603, 29.30603
1548521332, 567, 0.0, 1088.93, 299.0039, 29.30603, 29.30603
1548521334, 598, 2.0, 1339.9402, 584.00024, 29.356384, 29.356384
1548521334, 601, 0.0, 1339.9402, 584.00024, 29.356384, 29.356384
1548521336, 914, 2.0, 2007.8778, 795.99243, 29.406738, 29.406738
1548521336, 920, 0.0, 2007.8778, 795.99243, 29.406738, 29.406738
1548521340, 652, 2.0, 1470.899, 833.0054, 29.457092, 29.457092
1548521340, 658, 0.0, 1470.899, 833.0054, 29.457092, 29.457092
1548521344, 340, 2.0, 389.96338, 555.9851, 29.507446, 29.507446
1548521344, 345, 0.0, 389.96338, 555.9851, 29.507446, 29.507446
1548521346, 878, 2.0, 517.9413, 852.9785, 29.5578, 29.5578
1548521346, 881, 0.0, 517.9413, 852.9785, 29.5578, 29.5578
1548521349, 264, 2.0, 1888.9105, 707.99194, 29.608154, 29.608154
1548521349, 271, 0.0, 1888.9105, 707.99194, 29.608154, 29.608154
1548521352, 235, 2.0, 1280.9308, 469.00635, 29.658508, 29.658508
1548521352, 244, 0.0, 1280.9308, 469.00635, 29.658508, 29.658508
1548521353, 921, 2.0, 1437.9053, 739.00635, 29.708862, 29.708862
1548521353, 929, 0.0, 1437.9053, 739.00635, 29.708862, 29.708862
1548521356, 484, 2.0, 1857.8815, 101.01929, 29.759216, 29.759216
1548521356, 491, 0.0, 1857.8815, 101.01929, 29.759216, 29.759216
1548521360, 165, 2.0, 806.9586, 108.00659, 29.80957, 29.80957
1548521360, 171, 0.0, 806.9586, 108.00659, 29.80957, 29.80957
1548521362, 846, 2.0, 648.9679, 171.02417, 29.859924, 29.859924
1548521362, 856, 0.0, 648.9679, 171.02417, 29.859924, 29.859924
1548521365, 103, 2.0, 974.90845, 796.9812, 29.910278, 29.910278
1548521365, 110, 0.0, 974.90845, 796.9812, 29.910278, 29.910278
1548521366, 716, 2.0, 656.9623, 543.98804, 29.960632, 29.960632
1548521366, 722, 0.0, 656.9623, 543.98804, 29.960632, 29.960632
1548521369, 596, 2.0, 925.9259, 936.0022, 30.010986, 30.010986
1548521369, 602, 0.0, 925.9259, 936.0022, 30.010986, 30.010986
1548521369, 652, 2.0, 925.9259, 936.0022, 30.06134, 30.06134
1548521369, 658, 0.0, 925.9259, 936.0022, 30.06134, 30.06134
1548521371, 197, 2.0, 758.92456, 900.99976, 30.111694, 30.111694
1548521371, 203, 0.0, 758.92456, 900.99976, 30.111694, 30.111694
1548521373, 78, 2.0, 579.93164, 465.0183, 30.162048, 30.162048
1548521373, 85, 0.0, 579.93164, 465.0183, 30.162048, 30.162048
1548521375, 196, 2.0, 766.91895, 949.9768, 30.212402, 30.212402
1548521375, 202, 0.0, 766.91895, 949.9768, 30.212402, 30.212402
1548521377, 319, 2.0, 1518.9331, 489.01245, 30.262756, 30.262756
1548521377, 326, 0.0, 1518.9331, 489.01245, 30.262756, 30.262756
1548521378, 789, 2.0, 1306.9464, 787.9834, 30.31311, 30.31311
1548521378, 795, 0.0, 1306.9464, 787.9834, 30.31311, 30.31311
1548521380, 807, 2.0, 19.985962, 528.9917, 30.363464, 30.363464
1548521380, 813, 0.0, 19.985962, 528.9917, 30.363464, 30.363464
1548521384, 830, 2.0, 954.9225, 651.9946, 30.413818, 30.413818
1548521384, 836, 0.0, 954.9225, 651.9946, 30.413818, 30.413818
1548521386, 486, 2.0, 638.94104, 196.99585, 30.464172, 30.464172
1548521386, 495, 0.0, 638.94104, 196.99585, 30.464172, 30.464172
1548521389, 567, 2.0, 1550.9106, 4.020996, 30.514526, 30.514526
1548521389, 572, 0.0, 1550.9106, 4.020996, 30.514526, 30.514526
1548521393, 263, 2.0, 732.9767, 121.02539, 30.56488, 30.56488
1548521393, 274, 0.0, 732.9767, 121.02539, 30.56488, 30.56488
1548521395, 438, 2.0, 1519.9493, 178.01147, 30.615234, 30.615234
1548521395, 448, 0.0, 1519.9493, 178.01147, 30.615234, 30.615234
1548521397, 511, 2.0, 1039.9475, 190.99731, 30.665588, 30.665588
1548521397, 518, 0.0, 1039.9475, 190.99731, 30.665588, 30.665588
1548521399, 506, 2.0, 1919.9396, 736.99585, 30.715942, 30.715942
1548521399, 514, 0.0, 1919.9396, 736.99585, 30.715942, 30.715942
1548521402, 964, 2.0, 1978.8812, 443.99048, 30.766296, 30.766296
1548521402, 971, 0.0, 1978.8812, 443.99048, 30.766296, 30.766296
1548521406, 92, 2.0, 1493.9337, 780.0073, 30.81665, 30.81665
1548521406, 101, 0.0, 1493.9337, 780.0073, 30.81665, 30.81665
1548521409, 275, 2.0, 820.9149, 1025.9802, 30.867004, 30.867004
1548521409, 282, 0.0, 820.9149, 1025.9802, 30.867004, 30.867004
1548521412, 50, 2.0, 1322.9352, 927.0044, 30.917358, 30.917358
1548521412, 56, 0.0, 1322.9352, 927.0044, 30.917358, 30.917358
1548521414, 132, 2.0, 912.9181, 898.98926, 30.967712, 30.967712
1548521414, 139, 0.0, 912.9181, 898.98926, 30.967712, 30.967712
1548521415, 986, 2.0, 891.9159, 896.97876, 31.018066, 31.018066
1548521415, 992, 0.0, 891.9159, 896.97876, 31.018066, 31.018066
1548521417, 900, 2.0, 553.916, 446.98975, 31.06842, 31.06842
1548521417, 907, 0.0, 553.916, 446.98975, 31.06842, 31.06842
1548521419, 953, 2.0, 1482.8906, 254.0149, 31.118774, 31.118774
1548521419, 959, 0.0, 1482.8906, 254.0149, 31.118774, 31.118774
1548521422, 51, 2.0, 120.93201, 622.9907, 31.169128, 31.169128
1548521422, 57, 0.0, 120.93201, 622.9907, 31.169128, 31.169128
1548521425, 632, 2.0, 1578.891, 30.025635, 31.219482, 31.219482
1548521425, 638, 0.0, 1578.891, 30.025635, 31.219482, 31.219482
1548521429, 246, 2.0, 1794.9426, 407.99927, 31.269836, 31.269836
1548521429, 254, 0.0, 1794.9426, 407.99927, 31.269836, 31.269836
1548521431, 489, 2.0, 355.95337, 121.02539, 31.32019, 31.32019
1548521431, 495, 0.0, 355.95337, 121.02539, 31.32019, 31.32019
1548521434, 212, 2.0, 1119.9591, 257.01416, 31.370544, 31.370544
1548521434, 217, 0.0, 1119.9591, 257.01416, 31.370544, 31.370544
1548521435, 680, 2.0, 1677.9401, 446.98975, 31.420898, 31.420898
1548521435, 686, 0.0, 1677.9401, 446.98975, 31.420898, 31.420898
1548521437, 996, 2.0, 471.9397, 360.99976, 31.471252, 31.471252
1548521438, 5, 0.0, 471.9397, 360.99976, 31.471252, 31.471252
1548521440, 281, 2.0, 73.98193, 684.9866, 31.521606, 31.521606
1548521440, 288, 0.0, 73.98193, 684.9866, 31.521606, 31.521606
1548521443, 908, 2.0, 770.91614, 1008.9734, 31.57196, 31.57196
1548521443, 914, 0.0, 770.91614, 1008.9734, 31.57196, 31.57196
1548521446, 539, 2.0, 928.90686, 1068.9917, 31.622314, 31.622314
1548521446, 545, 0.0, 928.90686, 1068.9917, 31.622314, 31.622314
1548521448, 891, 2.0, 613.94165, 1021.9922, 31.672668, 31.672668
1548521448, 897, 0.0, 613.94165, 1021.9922, 31.672668, 31.672668
1548521451, 713, 2.0, 1369.953, 704.9927, 31.723022, 31.723022
1548521451, 719, 0.0, 1369.953, 704.9927, 31.723022, 31.723022
1548521453, 757, 2.0, 49.93103, 724.9988, 31.773376, 31.773376
1548521453, 765, 0.0, 49.93103, 724.9988, 31.773376, 31.773376
1548521457, 152, 2.0, 1178.9008, 109.02832, 31.82373, 31.82373
1548521457, 158, 0.0, 1178.9008, 109.02832, 31.82373, 31.82373
1548521459, 743, 2.0, 1666.897, 971.9934, 31.874084, 31.874084
1548521459, 748, 0.0, 1666.897, 971.9934, 31.874084, 31.874084
1548521462, 236, 2.0, 269.97986, 566.00464, 31.924438, 31.924438
1548521462, 243, 0.0, 269.97986, 566.00464, 31.924438, 31.924438
1548521464, 950, 2.0, 1633.9032, 83.02368, 31.974792, 31.974792
1548521464, 954, 0.0, 1633.9032, 83.02368, 31.974792, 31.974792
1548521468, 247, 2.0, 564.9591, 114.00513, 32.025146, 32.025146
1548521468, 254, 0.0, 564.9591, 114.00513, 32.025146, 32.025146
1548521471, 75, 2.0, 1027.9559, 83.02368, 32.0755, 32.0755
1548521471, 81, 0.0, 1027.9559, 83.02368, 32.0755, 32.0755
1548521473, 354, 2.0, 1030.9369, 83.02368, 32.125854, 32.125854
1548521473, 360, 0.0, 1030.9369, 83.02368, 32.125854, 32.125854
1548521476, 298, 2.0, 712.923, 504.0088, 32.17621, 32.17621
1548521476, 306, 0.0, 712.923, 504.0088, 32.17621, 32.17621
1548521477, 667, 2.0, 1905.9155, 524.0149, 32.226562, 32.226562
1548521477, 673, 0.0, 1905.9155, 524.0149, 32.226562, 32.226562
1548521479, 278, 2.0, 1931.9312, 481.00342, 32.276917, 32.276917
1548521479, 284, 0.0, 1931.9312, 481.00342, 32.276917, 32.276917
1548521482, 721, 2.0, 1510.9387, 799.98047, 32.32727, 32.32727
1548521482, 726, 0.0, 1510.9387, 799.98047, 32.32727, 32.32727
1548521484, 875, 2.0, 1652.9407, 601.0071, 32.377625, 32.377625
1548521484, 881, 0.0, 1652.9407, 601.0071, 32.377625, 32.377625
1548521487, 222, 2.0, 1457.8912, 542.99927, 32.42798, 32.42798
1548521487, 225, 0.0, 1457.8912, 542.99927, 32.42798, 32.42798
1548521489, 8, 2.0, 1036.9666, 208.00415, 32.478333, 32.478333
1548521489, 14, 0.0, 1036.9666, 208.00415, 32.478333, 32.478333
1548521490, 485, 2.0, 936.969, 989.989, 32.528687, 32.528687
1548521490, 495, 0.0, 936.969, 989.989, 32.528687, 32.528687
1548521492, 241, 2.0, 1008.91846, 770.97656, 32.57904, 32.57904
1548521492, 246, 0.0, 1008.91846, 770.97656, 32.57904, 32.57904
1548521494, 351, 2.0, 570.921, 684.9866, 32.629395, 32.629395
1548521494, 358, 0.0, 570.921, 684.9866, 32.629395, 32.629395
1548521497, 150, 2.0, 394.9768, 472.0056, 32.67975, 32.67975
1548521497, 157, 0.0, 394.9768, 472.0056, 32.67975, 32.67975
1548521500, 69, 2.0, 1274.9011, 898.98926, 32.730103, 32.730103
1548521500, 75, 0.0, 1274.9011, 898.98926, 32.730103, 32.730103
1548521501, 740, 2.0, 1243.9398, 923.97217, 32.780457, 32.780457
1548521501, 747, 0.0, 1243.9398, 923.97217, 32.780457, 32.780457
1548521503, 791, 2.0, 1356.9452, 792.99316, 32.83081, 32.83081
1548521503, 799, 0.0, 1356.9452, 792.99316, 32.83081, 32.83081
1548521506, 27, 2.0, 1494.95, 365.02075, 32.881165, 32.881165
1548521506, 33, 0.0, 1494.95, 365.02075, 32.881165, 32.881165
1548521507, 861, 2.0, 886.9702, 722.9883, 32.93152, 32.93152
1548521507, 867, 0.0, 886.9702, 722.9883, 32.93152, 32.93152
1548521509, 283, 2.0, 1187.9114, 89.02222, 32.981873, 32.981873
1548521509, 291, 0.0, 1187.9114, 89.02222, 32.981873, 32.981873
1548521511, 437, 2.0, 455.95093, 346.9922, 33.032227, 33.032227
1548521511, 441, 0.0, 455.95093, 346.9922, 33.032227, 33.032227
1548521513, 921, 2.0, 1053.9038, 239.01855, 33.08258, 33.08258
1548521513, 931, 0.0, 1053.9038, 239.01855, 33.08258, 33.08258
1548521515, 801, 2.0, 1779.9023, 177.0227, 33.132935, 33.132935
1548521515, 809, 0.0, 1779.9023, 177.0227, 33.132935, 33.132935
1548521518, 675, 2.0, 530.9491, 90.999756, 33.18329, 33.18329
1548521518, 683, 0.0, 530.9491, 90.999756, 33.18329, 33.18329
1548521521, 674, 2.0, 1439.9377, 660.99243, 33.233643, 33.233643
1548521521, 677, 0.0, 1439.9377, 660.99243, 33.233643, 33.233643
1548521523, 676, 2.0, 332.98645, 440.9912, 33.283997, 33.283997
1548521523, 682, 0.0, 332.98645, 440.9912, 33.283997, 33.283997
1548521526, 399, 2.0, 1133.9154, 937.97974, 33.33435, 33.33435
1548521526, 406, 0.0, 1133.9154, 937.97974, 33.33435, 33.33435
1548521527, 829, 2.0, 871.92993, 890.9802, 33.384705, 33.384705
1548521527, 835, 0.0, 871.92993, 890.9802, 33.384705, 33.384705
1548521529, 630, 2.0, 533.93005, 755.9802, 33.43506, 33.43506
1548521529, 637, 0.0, 533.93005, 755.9802, 33.43506, 33.43506
1548521531, 314, 2.0, 585.9613, 856.9995, 33.485413, 33.485413
1548521531, 320, 0.0, 585.9613, 856.9995, 33.485413, 33.485413
1548521532, 767, 2.0, 846.93054, 946.97754, 33.535767, 33.535767
1548521532, 779, 0.0, 846.93054, 946.97754, 33.535767, 33.535767
1548521535, 568, 2.0, 1973.9355, 498.01025, 33.58612, 33.58612
1548521535, 577, 0.0, 1973.9355, 498.01025, 33.58612, 33.58612
1548521538, 768, 2.0, 1153.9014, 302.00317, 33.636475, 33.636475
1548521538, 775, 0.0, 1153.9014, 302.00317, 33.636475, 33.636475
1548521540, 473, 2.0, 344.97803, 596.9861, 33.68683, 33.68683
1548521540, 483, 0.0, 344.97803, 596.9861, 33.68683, 33.68683
1548521543, 481, 2.0, 107.99194, 284.99634, 33.737183, 33.737183
1548521543, 487, 0.0, 107.99194, 284.99634, 33.737183, 33.737183
1548521547, 136, 2.0, 633.9276, 442.01294, 33.787537, 33.787537
1548521547, 144, 0.0, 633.9276, 442.01294, 33.787537, 33.787537
1548521549, 18, 2.0, 2069.936, 399.00146, 33.83789, 33.83789
1548521549, 24, 0.0, 2069.936, 399.00146, 33.83789, 33.83789
1548521553, 395, 2.0, 1848.9386, 163.01514, 33.888245, 33.888245
1548521553, 398, 0.0, 1848.9386, 163.01514, 33.888245, 33.888245
1548521556, 921, 2.0, 1578.891, 543.98804, 33.9386, 33.9386
1548521556, 928, 0.0, 1578.891, 543.98804, 33.9386, 33.9386
1548521559, 551, 2.0, 292.94678, 184.99878, 33.988953, 33.988953
1548521559, 557, 0.0, 292.94678, 184.99878, 33.988953, 33.988953
1548521562, 514, 2.0, 196.94641, 436.0144, 34.039307, 34.039307
1548521562, 522, 0.0, 196.94641, 436.0144, 34.039307, 34.039307
1548521565, 647, 2.0, 631.9629, 527.01416, 34.08966, 34.08966
1548521565, 655, 0.0, 631.9629, 527.01416, 34.08966, 34.08966
1548521567, 510, 2.0, 1368.9368, 974.9927, 34.140015, 34.140015
1548521567, 517, 0.0, 1368.9368, 974.9927, 34.140015, 34.140015
1548521570, 245, 2.0, 1272.9364, 920.9729, 34.19037, 34.19037
1548521570, 250, 0.0, 1272.9364, 920.9729, 34.19037, 34.19037
1548521572, 445, 2.0, 1064.9469, 940.979, 34.240723, 34.240723
1548521572, 451, 0.0, 1064.9469, 940.979, 34.240723, 34.240723
1548521575, 348, 2.0, 181.97388, 143.00903, 34.291077, 34.291077
1548521575, 354, 0.0, 181.97388, 143.00903, 34.291077, 34.291077
1548521579, 27, 2.0, 1028.9044, 278.9978, 34.34143, 34.34143
1548521579, 36, 0.0, 1028.9044, 278.9978, 34.34143, 34.34143
1548521580, 694, 2.0, 1598.9447, 524.0149, 34.391785, 34.391785
1548521580, 702, 0.0, 1598.9447, 524.0149, 34.391785, 34.391785
1548521582, 783, 2.0, 849.9115, 813.98804, 34.44214, 34.44214
1548521582, 788, 0.0, 849.9115, 813.98804, 34.44214, 34.44214
1548521584, 778, 2.0, 1149.9042, 1043.9758, 34.492493, 34.492493
1548521584, 785, 0.0, 1149.9042, 1043.9758, 34.492493, 34.492493
1548521587, 600, 2.0, 1803.8855, 751.9922, 34.542847, 34.542847
1548521587, 605, 0.0, 1803.8855, 751.9922, 34.542847, 34.542847
1548521590, 965, 2.0, 1467.9181, 505.98633, 34.5932, 34.5932
1548521590, 971, 0.0, 1467.9181, 505.98633, 34.5932, 34.5932
1548521593, 9, 2.0, 1101.9379, 169.01367, 34.643555, 34.643555
1548521593, 17, 0.0, 1101.9379, 169.01367, 34.643555, 34.643555
1548521595, 518, 2.0, 1706.9366, 217.00195, 34.69391, 34.69391
1548521595, 524, 0.0, 1706.9366, 217.00195, 34.69391, 34.69391
1548521599, 37, 2.0, 530.9491, 308.0017, 34.744263, 34.744263
1548521599, 46, 0.0, 530.9491, 308.0017, 34.744263, 34.744263
1548521601, 283, 2.0, 1062.9144, 274.021, 34.794617, 34.794617
1548521601, 288, 0.0, 1062.9144, 274.021, 34.794617, 34.794617
1548521602, 836, 2.0, 479.93408, 445.0122, 34.84497, 34.84497
1548521602, 841, 0.0, 479.93408, 445.0122, 34.84497, 34.84497
1548521605, 466, 2.0, 29.945068, 842.99194, 34.895325, 34.895325
1548521605, 472, 0.0, 29.945068, 842.99194, 34.895325, 34.895325
1548521609, 464, 2.0, 622.9523, 595.00854, 34.94568, 34.94568
1548521609, 492, 0.0, 622.9523, 595.00854, 34.94568, 34.94568
1548521611, 629, 2.0, 1159.931, 272.99927, 34.996033, 34.996033
1548521611, 635, 0.0, 1159.931, 272.99927, 34.996033, 34.996033
1548521613, 51, 2.0, 1510.9387, 598.0078, 35.046387, 35.046387
1548521613, 57, 0.0, 1510.9387, 598.0078, 35.046387, 35.046387
1548521615, 252, 2.0, 801.9452, 123.00293, 35.09674, 35.09674
1548521615, 258, 0.0, 801.9452, 123.00293, 35.09674, 35.09674
1548521617, 155, 2.0, 1238.9264, 651.9946, 35.147095, 35.147095
1548521617, 163, 0.0, 1238.9264, 651.9946, 35.147095, 35.147095
1548521618, 383, 2.0, 977.95715, 1004.98535, 35.19745, 35.19745
1548521618, 389, 0.0, 977.95715, 1004.98535, 35.19745, 35.19745
1548521619, 819, 2.0, 977.95715, 1004.98535, 35.247803, 35.247803
1548521619, 824, 0.0, 977.95715, 1004.98535, 35.247803, 35.247803
1548521621, 155, 2.0, 798.96423, 636.9983, 35.298157, 35.298157
1548521621, 164, 0.0, 798.96423, 636.9983, 35.298157, 35.298157
1548521622, 942, 2.0, 885.954, 1055.9729, 35.34851, 35.34851
1548521622, 947, 0.0, 885.954, 1055.9729, 35.34851, 35.34851
1548521625, 316, 2.0, 1610.9363, 228.99902, 35.398865, 35.398865
1548521625, 321, 0.0, 1610.9363, 228.99902, 35.398865, 35.398865
1548521627, 221, 2.0, 1119.9591, 157.0166, 35.44922, 35.44922
1548521627, 227, 0.0, 1119.9591, 157.0166, 35.44922, 35.44922
1548521629, 117, 2.0, 1541.9, 283.0188, 35.499573, 35.499573
1548521629, 122, 0.0, 1541.9, 283.0188, 35.499573, 35.499573
1548521631, 937, 2.0, 1213.927, 92.021484, 35.549927, 35.549927
1548521631, 942, 0.0, 1213.927, 92.021484, 35.549927, 35.549927
1548521634, 572, 2.0, 2032.8772, 810.0, 35.60028, 35.60028
1548521634, 578, 0.0, 2032.8772, 810.0, 35.60028, 35.60028
1548521638, 147, 2.0, 1556.9403, 513.0066, 35.650635, 35.650635
1548521638, 156, 0.0, 1556.9403, 513.0066, 35.650635, 35.650635
1548521641, 38, 2.0, 1164.9445, 103.029785, 35.70099, 35.70099
1548521641, 42, 0.0, 1164.9445, 103.029785, 35.70099, 35.70099
1548521643, 290, 2.0, 841.9171, 619.99146, 35.751343, 35.751343
1548521643, 294, 0.0, 841.9171, 619.99146, 35.751343, 35.751343
1548521645, 189, 2.0, 425.9381, 521.0156, 35.801697, 35.801697
1548521645, 194, 0.0, 425.9381, 521.0156, 35.801697, 35.801697
1548521647, 685, 2.0, 1329.9133, 845.00244, 35.85205, 35.85205
1548521647, 690, 0.0, 1329.9133, 845.00244, 35.85205, 35.85205
1548521649, 466, 2.0, 1547.9297, 384.9939, 35.902405, 35.902405
1548521649, 472, 0.0, 1547.9297, 384.9939, 35.902405, 35.902405
1548521651, 357, 2.0, 1136.9641, 1045.9863, 35.95276, 35.95276
1548521651, 364, 0.0, 1136.9641, 1045.9863, 35.95276, 35.95276
1548521654, 405, 2.0, 51.9635, 830.0061, 36.003113, 36.003113
1548521654, 411, 0.0, 51.9635, 830.0061, 36.003113, 36.003113
1548521659, 177, 2.0, 6.9781494, 446.98975, 36.053467, 36.053467
1548521659, 183, 0.0, 6.9781494, 446.98975, 36.053467, 36.053467
1548521663, 722, 2.0, 1927.934, 950.99854, 36.10382, 36.10382
1548521663, 729, 0.0, 1927.934, 950.99854, 36.10382, 36.10382
1548521667, 183, 2.0, 1797.9236, 654.9939, 36.154175, 36.154175
1548521667, 191, 0.0, 1797.9236, 654.9939, 36.154175, 36.154175
1548521670, 436, 2.0, 1400.9143, 763.0005, 36.20453, 36.20453
1548521670, 441, 0.0, 1400.9143, 763.0005, 36.20453, 36.20453
1548521672, 105, 2.0, 584.94507, 401.01196, 36.254883, 36.254883
1548521672, 112, 0.0, 584.94507, 401.01196, 36.254883, 36.254883
1548521674, 190, 2.0, 783.92395, 896.97876, 36.305237, 36.305237
1548521674, 197, 0.0, 783.92395, 896.97876, 36.305237, 36.305237
1548521677, 654, 2.0, 56.97693, 137.0105, 36.35559, 36.35559
1548521677, 660, 0.0, 56.97693, 137.0105, 36.35559, 36.35559
1548521682, 88, 2.0, 287.93335, 436.0144, 36.405945, 36.405945
1548521682, 94, 0.0, 287.93335, 436.0144, 36.405945, 36.405945
1548521685, 120, 2.0, 710.95825, 387.0044, 36.4563, 36.4563
1548521685, 125, 0.0, 710.95825, 387.0044, 36.4563, 36.4563
1548521686, 833, 2.0, 747.9492, 781.98486, 36.506653, 36.506653
1548521686, 839, 0.0, 747.9492, 781.98486, 36.506653, 36.506653
1548521688, 672, 2.0, 2005.9131, 795.99243, 36.557007, 36.557007
1548521688, 677, 0.0, 2005.9131, 795.99243, 36.557007, 36.557007
1548521692, 476, 2.0, 1711.8823, 601.0071, 36.60736, 36.60736
1548521692, 482, 0.0, 1711.8823, 601.0071, 36.60736, 36.60736
1548521695, 100, 2.0, 1902.9346, 540.9888, 36.657715, 36.657715
1548521695, 105, 0.0, 1902.9346, 540.9888, 36.657715, 36.657715
1548521697, 932, 2.0, 1041.9122, 190.99731, 36.70807, 36.70807
1548521697, 937, 0.0, 1041.9122, 190.99731, 36.70807, 36.70807
1548521700, 684, 2.0, 267.9474, 501.9983, 36.758423, 36.758423
1548521700, 689, 0.0, 267.9474, 501.9983, 36.758423, 36.758423
1548521703, 438, 2.0, 1632.887, 163.01514, 36.808777, 36.808777
1548521703, 445, 0.0, 1632.887, 163.01514, 36.808777, 36.808777
1548521705, 895, 2.0, 1550.9106, 527.01416, 36.85913, 36.85913
1548521705, 902, 0.0, 1550.9106, 527.01416, 36.85913, 36.85913
1548521708, 185, 2.0, 205.95703, 290.99487, 36.909485, 36.909485
1548521708, 192, 0.0, 205.95703, 290.99487, 36.909485, 36.909485
1548521711, 994, 2.0, 648.9679, 742.9944, 36.95984, 36.95984
1548521712, 2, 0.0, 648.9679, 742.9944, 36.95984, 36.95984
1548521713, 928, 2.0, 647.95166, 255.99243, 37.010193, 37.010193
1548521713, 935, 0.0, 647.95166, 255.99243, 37.010193, 37.010193
1548521716, 25, 2.0, 1065.9631, 699.9829, 37.060547, 37.060547
1548521716, 31, 0.0, 1065.9631, 699.9829, 37.060547, 37.060547
1548521717, 839, 2.0, 15.98877, 415.01953, 37.1109, 37.1109
1548521717, 845, 0.0, 15.98877, 415.01953, 37.1109, 37.1109
1548521721, 276, 2.0, 863.93555, 248.01636, 37.161255, 37.161255
1548521721, 283, 0.0, 863.93555, 248.01636, 37.161255, 37.161255
1548521722, 805, 2.0, 1618.9307, 607.0056, 37.21161, 37.21161
1548521722, 812, 0.0, 1618.9307, 607.0056, 37.21161, 37.21161
1548521724, 622, 2.0, 1448.9484, 281.99707, 37.261963, 37.261963
1548521724, 628, 0.0, 1448.9484, 281.99707, 37.261963, 37.261963
1548521726, 829, 2.0, 1195.9058, 798.9917, 37.312317, 37.312317
1548521726, 835, 0.0, 1195.9058, 798.9917, 37.312317, 37.312317
1548521729, 3, 2.0, 301.9574, 801.99097, 37.36267, 37.36267
1548521729, 22, 0.0, 301.9574, 801.99097, 37.36267, 37.36267
1548521731, 908, 2.0, 1718.9282, 495.011, 37.413025, 37.413025
1548521731, 918, 0.0, 1718.9282, 495.011, 37.413025, 37.413025
1548521734, 620, 2.0, 1244.956, 460.9973, 37.46338, 37.46338
1548521734, 626, 0.0, 1244.956, 460.9973, 37.46338, 37.46338
1548521736, 512, 2.0, 1687.8992, 111.00586, 37.513733, 37.513733
1548521736, 515, 0.0, 1687.8992, 111.00586, 37.513733, 37.513733
1548521739, 490, 2.0, 1729.9036, 830.0061, 37.564087, 37.564087
1548521739, 495, 0.0, 1729.9036, 830.0061, 37.564087, 37.564087
1548521742, 662, 2.0, 1340.9564, 228.99902, 37.61444, 37.61444
1548521742, 670, 0.0, 1340.9564, 228.99902, 37.61444, 37.61444
1548521744, 486, 2.0, 577.9669, 581.001, 37.664795, 37.664795
1548521744, 493, 0.0, 577.9669, 581.001, 37.664795, 37.664795
1548521746, 235, 2.0, 1380.9283, 378.99536, 37.71515, 37.71515
1548521746, 244, 0.0, 1380.9283, 378.99536, 37.71515, 37.71515
1548521748, 85, 2.0, 184.95483, 508.9856, 37.765503, 37.765503
1548521748, 93, 0.0, 184.95483, 508.9856, 37.765503, 37.765503
1548521750, 686, 2.0, 1235.9454, 883.9929, 37.815857, 37.815857
1548521750, 692, 0.0, 1235.9454, 883.9929, 37.815857, 37.815857
1548521752, 750, 2.0, 1300.9167, 1001.9861, 37.86621, 37.86621
1548521752, 755, 0.0, 1300.9167, 1001.9861, 37.86621, 37.86621
1548521755, 68, 2.0, 1482.8906, 921.9946, 37.916565, 37.916565
1548521755, 74, 0.0, 1482.8906, 921.9946, 37.916565, 37.916565
1548521758, 51, 2.0, 997.9431, 1041.9983, 37.96692, 37.96692
1548521758, 60, 0.0, 997.9431, 1041.9983, 37.96692, 37.96692
1548521760, 808, 2.0, 1227.951, 692.00684, 38.017273, 38.017273
1548521760, 812, 0.0, 1227.951, 692.00684, 38.017273, 38.017273
1548521762, 447, 2.0, 187.93579, 177.0227, 38.067627, 38.067627
1548521762, 454, 0.0, 187.93579, 177.0227, 38.067627, 38.067627
1548521765, 783, 2.0, 1436.889, 518.01636, 38.11798, 38.11798
1548521765, 790, 0.0, 1436.889, 518.01636, 38.11798, 38.11798
1548521767, 411, 2.0, 727.96326, 192.01904, 38.168335, 38.168335
1548521767, 415, 0.0, 727.96326, 192.01904, 38.168335, 38.168335
1548521769, 751, 2.0, 1019.96155, 337.0056, 38.21869, 38.21869
1548521769, 758, 0.0, 1019.96155, 337.0056, 38.21869, 38.21869
1548521771, 369, 2.0, 949.90906, 774.0088, 38.269043, 38.269043
1548521771, 375, 0.0, 949.90906, 774.0088, 38.269043, 38.269043
1548521773, 583, 2.0, 491.92566, 872.9846, 38.319397, 38.319397
1548521773, 590, 0.0, 491.92566, 872.9846, 38.319397, 38.319397
1548521775, 932, 2.0, 1190.9601, 299.99268, 38.36975, 38.36975
1548521775, 936, 0.0, 1190.9601, 299.99268, 38.36975, 38.36975
1548521777, 575, 2.0, 582.98035, 654.0051, 38.420105, 38.420105
1548521777, 581, 0.0, 582.98035, 654.0051, 38.420105, 38.420105
1548521781, 647, 2.0, 1227.951, 1037.9773, 38.47046, 38.47046
1548521781, 654, 0.0, 1227.951, 1037.9773, 38.47046, 38.47046
1548521784, 397, 2.0, 489.96094, 174.02344, 38.520813, 38.520813
1548521784, 403, 0.0, 489.96094, 174.02344, 38.520813, 38.520813
1548521787, 934, 2.0, 196.94641, 281.99707, 38.571167, 38.571167
1548521787, 940, 0.0, 196.94641, 281.99707, 38.571167, 38.571167
1548521791, 232, 2.0, 1127.9535, 112.02759, 38.62152, 38.62152
1548521791, 235, 0.0, 1127.9535, 112.02759, 38.62152, 38.62152
1548521793, 939, 2.0, 689.95605, 492.01172, 38.671875, 38.671875
1548521793, 943, 0.0, 689.95605, 492.01172, 38.671875, 38.671875
1548521795, 945, 2.0, 1965.8734, 160.01587, 38.72223, 38.72223
1548521795, 951, 0.0, 1965.8734, 160.01587, 38.72223, 38.72223
1548521799, 576, 2.0, 496.9391, 192.01904, 38.772583, 38.772583
1548521799, 583, 0.0, 496.9391, 192.01904, 38.772583, 38.772583
1548521801, 822, 2.0, 783.92395, 637.98706, 38.822937, 38.822937
1548521801, 826, 0.0, 783.92395, 637.98706, 38.822937, 38.822937
1548521803, 609, 2.0, 1729.9036, 1057.9834, 38.87329, 38.87329
1548521803, 615, 0.0, 1729.9036, 1057.9834, 38.87329, 38.87329
1548521807, 192, 2.0, 1958.8953, 160.01587, 38.923645, 38.923645
1548521807, 200, 0.0, 1958.8953, 160.01587, 38.923645, 38.923645
1548521810, 464, 2.0, 661.9757, 525.99243, 38.974, 38.974
1548521810, 471, 0.0, 661.9757, 525.99243, 38.974, 38.974
1548521812, 117, 2.0, 1176.936, 778.9856, 39.024353, 39.024353
1548521812, 122, 0.0, 1176.936, 778.9856, 39.024353, 39.024353
1548521813, 712, 2.0, 1329.9133, 643.9856, 39.074707, 39.074707
1548521813, 720, 0.0, 1329.9133, 643.9856, 39.074707, 39.074707
1548521815, 810, 2.0, 1808.8989, 415.01953, 39.12506, 39.12506
1548521815, 819, 0.0, 1808.8989, 415.01953, 39.12506, 39.12506
1548521818, 560, 2.0, 1079.9194, 957.98584, 39.175415, 39.175415
1548521818, 566, 0.0, 1079.9194, 957.98584, 39.175415, 39.175415
1548521820, 538, 2.0, 766.91895, 725.98755, 39.22577, 39.22577
1548521820, 542, 0.0, 766.91895, 725.98755, 39.22577, 39.22577
1548521822, 112, 2.0, 1164.9445, 311.00098, 39.276123, 39.276123
1548521822, 118, 0.0, 1164.9445, 311.00098, 39.276123, 39.276123
1548521823, 290, 2.0, 1135.9479, 924.9939, 39.326477, 39.326477
1548521823, 296, 0.0, 1135.9479, 924.9939, 39.326477, 39.326477
1548521824, 527, 2.0, 1115.9619, 927.99316, 39.37683, 39.37683
1548521824, 534, 0.0, 1115.9619, 927.99316, 39.37683, 39.37683
1548521826, 869, 2.0, 1257.8961, 287.9956, 39.427185, 39.427185
1548521826, 872, 0.0, 1257.8961, 287.9956, 39.427185, 39.427185
1548521828, 422, 2.0, 1268.9392, 666.0022, 39.47754, 39.47754
1548521828, 428, 0.0, 1268.9392, 666.0022, 39.47754, 39.47754
1548521829, 697, 2.0, 929.9231, 942.00073, 39.527893, 39.527893
1548521829, 704, 0.0, 929.9231, 942.00073, 39.527893, 39.527893
1548521831, 11, 2.0, 398.974, 761.97876, 39.578247, 39.578247
1548521831, 18, 0.0, 398.974, 761.97876, 39.578247, 39.578247
1548521831, 874, 2.0, 187.93579, 516.00586, 39.6286, 39.6286
1548521831, 881, 0.0, 187.93579, 516.00586, 39.6286, 39.6286
1548521833, 16, 2.0, 139.96948, 351.01318, 39.678955, 39.678955
1548521833, 22, 0.0, 139.96948, 351.01318, 39.678955, 39.678955
1548521836, 816, 2.0, 885.954, 181.99951, 39.72931, 39.72931
1548521836, 822, 0.0, 885.954, 181.99951, 39.72931, 39.72931
1548521838, 858, 2.0, 773.96484, 810.0, 39.779663, 39.779663
1548521838, 865, 0.0, 773.96484, 810.0, 39.779663, 39.779663
1548521840, 825, 2.0, 401.95496, 419.00757, 39.830017, 39.830017
1548521840, 832, 0.0, 401.95496, 419.00757, 39.830017, 39.830017
1548521844, 4, 2.0, 1609.92, 60.01831, 39.88037, 39.88037
1548521844, 10, 0.0, 1609.92, 60.01831, 39.88037, 39.88037
1548521848, 155, 2.0, 103.99475, 572.0032, 39.930725, 39.930725
1548521848, 162, 0.0, 103.99475, 572.0032, 39.930725, 39.930725
1548521851, 475, 2.0, 1698.9423, 252.99316, 39.98108, 39.98108
1548521851, 479, 0.0, 1698.9423, 252.99316, 39.98108, 39.98108
1548521853, 720, 2.0, 1190.9601, 178.01147, 40.031433, 40.031433
1548521853, 726, 0.0, 1190.9601, 178.01147, 40.031433, 40.031433
1548521855, 289, 2.0, 434.94873, 701.9934, 40.081787, 40.081787
1548521855, 296, 0.0, 434.94873, 701.9934, 40.081787, 40.081787
1548521857, 544, 2.0, 1468.9343, 103.029785, 40.13214, 40.13214
1548521857, 551, 0.0, 1468.9343, 103.029785, 40.13214, 40.13214
1548521860, 92, 2.0, 1905.9155, 424.01733, 40.182495, 40.182495
1548521860, 97, 0.0, 1905.9155, 424.01733, 40.182495, 40.182495
1548521863, 495, 2.0, 1678.8885, 701.9934, 40.23285, 40.23285
1548521863, 502, 0.0, 1678.8885, 701.9934, 40.23285, 40.23285
1548521866, 524, 2.0, 1854.9005, 257.01416, 40.283203, 40.283203
1548521866, 531, 0.0, 1854.9005, 257.01416, 40.283203, 40.283203
1548521869, 412, 2.0, 977.95715, 1026.969, 40.333557, 40.333557
1548521869, 418, 0.0, 977.95715, 1026.969, 40.333557, 40.333557
1548521871, 506, 2.0, 980.9381, 974.9927, 40.38391, 40.38391
1548521871, 512, 0.0, 980.9381, 974.9927, 40.38391, 40.38391
1548521873, 746, 2.0, 1366.9043, 625.99, 40.434265, 40.434265
1548521873, 754, 0.0, 1366.9043, 625.99, 40.434265, 40.434265
1548521876, 151, 2.0, 480.95032, 1054.9841, 40.48462, 40.48462
1548521876, 158, 0.0, 480.95032, 1054.9841, 40.48462, 40.48462
1548521879, 21, 2.0, 560.9619, 870.9741, 40.534973, 40.534973
1548521879, 29, 0.0, 560.9619, 870.9741, 40.534973, 40.534973
1548521882, 34, 2.0, 31.97754, 202.99438, 40.585327, 40.585327
1548521882, 41, 0.0, 31.97754, 202.99438, 40.585327, 40.585327
1548521886, 106, 2.0, 807.97485, 846.98, 40.63568, 40.63568
1548521886, 112, 0.0, 807.97485, 846.98, 40.63568, 40.63568
1548521888, 16, 2.0, 391.9281, 583.0115, 40.686035, 40.686035
1548521888, 24, 0.0, 391.9281, 583.0115, 40.686035, 40.686035
1548521890, 242, 2.0, 1704.9042, 252.99316, 40.73639, 40.73639
1548521890, 248, 0.0, 1704.9042, 252.99316, 40.73639, 40.73639
1548521892, 905, 2.0, 743.952, 278.9978, 40.786743, 40.786743
1548521892, 911, 0.0, 743.952, 278.9978, 40.786743, 40.786743
1548521896, 432, 2.0, 1175.9198, 151.01807, 40.837097, 40.837097
1548521896, 438, 0.0, 1175.9198, 151.01807, 40.837097, 40.837097
1548521898, 374, 2.0, 1127.9535, 193.99658, 40.88745, 40.88745
1548521898, 381, 0.0, 1127.9535, 193.99658, 40.88745, 40.88745
1548521899, 992, 2.0, 1380.9283, 313.01147, 40.937805, 40.937805
1548521899, 998, 0.0, 1380.9283, 313.01147, 40.937805, 40.937805
1548521902, 494, 2.0, 940.9662, 225.99976, 40.98816, 40.98816
1548521902, 500, 0.0, 940.9662, 225.99976, 40.98816, 40.98816
1548521904, 136, 2.0, 1681.9373, 745.99365, 41.038513, 41.038513
1548521904, 142, 0.0, 1681.9373, 745.99365, 41.038513, 41.038513
1548521907, 195, 2.0, 1552.9431, 357.01172, 41.088867, 41.088867
1548521907, 200, 0.0, 1552.9431, 357.01172, 41.088867, 41.088867
1548521909, 322, 2.0, 1735.9332, 577.01294, 41.13922, 41.13922
1548521909, 338, 0.0, 1735.9332, 577.01294, 41.13922, 41.13922
1548521912, 15, 2.0, 137.93701, 818.9978, 41.189575, 41.189575
1548521912, 22, 0.0, 137.93701, 818.9978, 41.189575, 41.189575
1548521915, 300, 2.0, 147.96387, 804.99023, 41.23993, 41.23993
1548521915, 305, 0.0, 147.96387, 804.99023, 41.23993, 41.23993
1548521920, 374, 2.0, 1871.9055, 1003.9966, 41.290283, 41.290283
1548521920, 380, 0.0, 1871.9055, 1003.9966, 41.290283, 41.290283
1548521924, 250, 2.0, 1971.9031, 237.00806, 41.340637, 41.340637
1548521924, 256, 0.0, 1971.9031, 237.00806, 41.340637, 41.340637
1548521928, 204, 2.0, 1459.9237, 583.0115, 41.39099, 41.39099
1548521928, 211, 0.0, 1459.9237, 583.0115, 41.39099, 41.39099
1548521930, 273, 2.0, 933.9203, 225.01099, 41.441345, 41.441345
1548521930, 279, 0.0, 933.9203, 225.01099, 41.441345, 41.441345
1548521932, 249, 2.0, 608.9282, 578.0017, 41.4917, 41.4917
1548521932, 257, 0.0, 608.9282, 578.0017, 41.4917, 41.4917
1548521934, 263, 2.0, 1087.9138, 143.00903, 41.542053, 41.542053
1548521934, 268, 0.0, 1087.9138, 143.00903, 41.542053, 41.542053
1548521936, 789, 2.0, 5.961914, 722.9883, 41.592407, 41.592407
1548521936, 796, 0.0, 5.961914, 722.9883, 41.592407, 41.592407
1548521941, 237, 2.0, 1389.939, 974.9927, 41.64276, 41.64276
1548521941, 242, 0.0, 1389.939, 974.9927, 41.64276, 41.64276
1548521943, 465, 2.0, 1056.9525, 924.9939, 41.693115, 41.693115
1548521943, 473, 0.0, 1056.9525, 924.9939, 41.693115, 41.693115
1548521945, 800, 2.0, 0.0, 510.00732, 41.74347, 41.74347
1548521945, 803, 0.0, 0.0, 510.00732, 41.74347, 41.74347
1548521949, 447, 2.0, 502.96875, 240.00732, 41.793823, 41.793823
1548521949, 454, 0.0, 502.96875, 240.00732, 41.793823, 41.793823
1548521951, 573, 2.0, 787.92114, 555.9851, 41.844177, 41.844177
1548521951, 581, 0.0, 787.92114, 555.9851, 41.844177, 41.844177
1548521953, 342, 2.0, 1706.9366, 933.0029, 41.89453, 41.89453
1548521953, 348, 0.0, 1706.9366, 933.0029, 41.89453, 41.89453
1548521956, 585, 2.0, 1792.9102, 792.99316, 41.944885, 41.944885
1548521956, 590, 0.0, 1792.9102, 792.99316, 41.944885, 41.944885
1548521958, 988, 2.0, 787.92114, 963.9844, 41.99524, 41.99524
1548521958, 994, 0.0, 787.92114, 963.9844, 41.99524, 41.99524
1548521961, 706, 2.0, 1941.8903, 381.99463, 42.045593, 42.045593
1548521961, 715, 0.0, 1941.8903, 381.99463, 42.045593, 42.045593
1548521964, 494, 2.0, 1317.9218, 375.9961, 42.095947, 42.095947
1548521964, 502, 0.0, 1317.9218, 375.9961, 42.095947, 42.095947
1548521965, 858, 2.0, 1627.9413, 639.99756, 42.1463, 42.1463
1548521965, 865, 0.0, 1627.9413, 639.99756, 42.1463, 42.1463
1548521968, 43, 2.0, 994.96216, 87.01172, 42.196655, 42.196655
1548521968, 54, 0.0, 994.96216, 87.01172, 42.196655, 42.196655
1548521970, 626, 2.0, 326.9568, 443.99048, 42.24701, 42.24701
1548521970, 637, 0.0, 326.9568, 443.99048, 42.24701, 42.24701
1548521973, 528, 2.0, 702.96387, 162.02637, 42.297363, 42.297363
1548521973, 536, 0.0, 702.96387, 162.02637, 42.297363, 42.297363
1548521975, 920, 2.0, 1379.9121, 286.01807, 42.347717, 42.347717
1548521975, 926, 0.0, 1379.9121, 286.01807, 42.347717, 42.347717
1548521978, 436, 2.0, 1161.9635, 863.9868, 42.39807, 42.39807
1548521978, 442, 0.0, 1161.9635, 863.9868, 42.39807, 42.39807
1548521979, 838, 2.0, 1612.901, 580.0122, 42.448425, 42.448425
1548521979, 843, 0.0, 1612.901, 580.0122, 42.448425, 42.448425
1548521981, 604, 2.0, 926.94214, 15.029297, 42.49878, 42.49878
1548521981, 611, 0.0, 926.94214, 15.029297, 42.49878, 42.49878
1548521983, 678, 2.0, 736.9739, 270.0, 42.549133, 42.549133
1548521983, 685, 0.0, 736.9739, 270.0, 42.549133, 42.549133
1548521985, 684, 2.0, 124.9292, 704.9927, 42.599487, 42.599487
1548521985, 691, 0.0, 124.9292, 704.9927, 42.599487, 42.599487
1548521988, 733, 2.0, 292.94678, 602.9846, 42.64984, 42.64984
1548521988, 739, 0.0, 292.94678, 602.9846, 42.64984, 42.64984
1548521991, 804, 2.0, 303.98987, 639.99756, 42.700195, 42.700195
1548521991, 810, 0.0, 303.98987, 639.99756, 42.700195, 42.700195
1548521994, 848, 2.0, 1939.9255, 162.02637, 42.75055, 42.75055
1548521994, 853, 0.0, 1939.9255, 162.02637, 42.75055, 42.75055
1548521999, 165, 2.0, 2002.9321, 522.99316, 42.800903, 42.800903
1548521999, 172, 0.0, 2002.9321, 522.99316, 42.800903, 42.800903
1548522001, 943, 2.0, 1670.8942, 917.97363, 42.851257, 42.851257
1548522001, 952, 0.0, 1670.8942, 917.97363, 42.851257, 42.851257
1548522004, 390, 2.0, 1465.9534, 202.99438, 42.90161, 42.90161
1548522004, 399, 0.0, 1465.9534, 202.99438, 42.90161, 42.90161
1548522008, 275, 2.0, 113.95386, 950.99854, 42.951965, 42.951965
1548522008, 281, 0.0, 113.95386, 950.99854, 42.951965, 42.951965
1548522012, 258, 2.0, 973.95996, 952.9761, 43.00232, 43.00232
1548522012, 265, 0.0, 973.95996, 952.9761, 43.00232, 43.00232
1548522014, 713, 2.0, 1172.9388, 1008.9734, 43.052673, 43.052673
1548522014, 722, 0.0, 1172.9388, 1008.9734, 43.052673, 43.052673
1548522016, 284, 2.0, 1024.9072, 921.9946, 43.103027, 43.103027
1548522016, 289, 0.0, 1024.9072, 921.9946, 43.103027, 43.103027
1548522018, 35, 2.0, 1410.9412, 465.0183, 43.15338, 43.15338
1548522018, 40, 0.0, 1410.9412, 465.0183, 43.15338, 43.15338
1548522019, 811, 2.0, 1460.94, 187.99805, 43.203735, 43.203735
1548522019, 817, 0.0, 1460.94, 187.99805, 43.203735, 43.203735
1548522022, 601, 2.0, 14.972534, 963.9844, 43.25409, 43.25409
1548522022, 607, 0.0, 14.972534, 963.9844, 43.25409, 43.25409
1548522026, 731, 2.0, 238.9508, 533.0127, 43.304443, 43.304443
1548522026, 744, 0.0, 238.9508, 533.0127, 43.304443, 43.304443
1548522030, 491, 2.0, 624.917, 654.9939, 43.354797, 43.354797
1548522030, 496, 0.0, 624.917, 654.9939, 43.354797, 43.354797
1548522032, 260, 2.0, 945.91187, 262.02393, 43.40515, 43.40515
1548522032, 266, 0.0, 945.91187, 262.02393, 43.40515, 43.40515
1548522033, 761, 2.0, 1346.9183, 624.01245, 43.455505, 43.455505
1548522033, 768, 0.0, 1346.9183, 624.01245, 43.455505, 43.455505
1548522034, 835, 2.0, 1078.9032, 178.01147, 43.50586, 43.50586
1548522034, 840, 0.0, 1078.9032, 178.01147, 43.50586, 43.50586
1548522036, 488, 2.0, 224.92676, 648.0066, 43.556213, 43.556213
1548522036, 496, 0.0, 224.92676, 648.0066, 43.556213, 43.556213
1548522039, 596, 2.0, 1586.8854, 30.025635, 43.606567, 43.606567
1548522039, 601, 0.0, 1586.8854, 30.025635, 43.606567, 43.606567
1548522042, 754, 2.0, 1774.8889, 599.98535, 43.65692, 43.65692
1548522042, 760, 0.0, 1774.8889, 599.98535, 43.65692, 43.65692
1548522046, 224, 2.0, 1979.8975, 157.0166, 43.707275, 43.707275
1548522046, 230, 0.0, 1979.8975, 157.0166, 43.707275, 43.707275
1548522050, 177, 2.0, 1440.954, 40.012207, 43.75763, 43.75763
1548522050, 186, 0.0, 1440.954, 40.012207, 43.75763, 43.75763
1548522052, 552, 2.0, 57.993164, 783.0066, 43.807983, 43.807983
1548522052, 558, 0.0, 57.993164, 783.0066, 43.807983, 43.807983
1548522056, 480, 2.0, 80.96008, 508.9856, 43.858337, 43.858337
1548522056, 486, 0.0, 80.96008, 508.9856, 43.858337, 43.858337
1548522060, 488, 2.0, 605.94727, 489.01245, 43.90869, 43.90869
1548522060, 494, 0.0, 605.94727, 489.01245, 43.90869, 43.90869
1548522062, 393, 2.0, 1082.9004, 375.9961, 43.959045, 43.959045
1548522062, 400, 0.0, 1082.9004, 375.9961, 43.959045, 43.959045
1548522063, 640, 2.0, 1457.8912, 859.9988, 44.0094, 44.0094
1548522063, 645, 0.0, 1457.8912, 859.9988, 44.0094, 44.0094
1548522066, 353, 2.0, 866.9165, 799.98047, 44.059753, 44.059753
1548522066, 359, 0.0, 866.9165, 799.98047, 44.059753, 44.059753
1548522068, 368, 2.0, 2039.9231, 87.01172, 44.110107, 44.110107
1548522068, 381, 0.0, 2039.9231, 87.01172, 44.110107, 44.110107
